filename,x1,x2,y1,y2,h,w,filename
/home/rushirajsinh/Downloads/AdversarialAttacks/FastAI-OneShot/MyGit/InceptionResnet/vFile591.png,,,,,,,/home/rushirajsinh/Downloads/AdversarialAttacks/FastAI-OneShot/MyGit/InceptionResnet/vFile591.png
/home/rushirajsinh/Downloads/AdversarialAttacks/FastAI-OneShot/MyGit/InceptionResnet/vFile5124.png,,,,,,,/home/rushirajsinh/Downloads/AdversarialAttacks/FastAI-OneShot/MyGit/InceptionResnet/vFile5124.png
/home/rushirajsinh/Downloads/AdversarialAttacks/FastAI-OneShot/MyGit/InceptionResnet/Vaishvi_40.png,,,,,,,/home/rushirajsinh/Downloads/AdversarialAttacks/FastAI-OneShot/MyGit/InceptionResnet/Vaishvi_40.png
/home/rushirajsinh/Downloads/AdversarialAttacks/FastAI-OneShot/MyGit/InceptionResnet/vFile588.png,,,,,,,/home/rushirajsinh/Downloads/AdversarialAttacks/FastAI-OneShot/MyGit/InceptionResnet/vFile588.png
/home/rushirajsinh/Downloads/AdversarialAttacks/FastAI-OneShot/MyGit/InceptionResnet/vFile5135.png,,,,,,,/home/rushirajsinh/Downloads/AdversarialAttacks/FastAI-OneShot/MyGit/InceptionResnet/vFile5135.png
/home/rushirajsinh/Downloads/AdversarialAttacks/FastAI-OneShot/MyGit/InceptionResnet/Vaishvi_20.png,,,,,,,/home/rushirajsinh/Downloads/AdversarialAttacks/FastAI-OneShot/MyGit/InceptionResnet/Vaishvi_20.png
/home/rushirajsinh/Downloads/AdversarialAttacks/FastAI-OneShot/MyGit/InceptionResnet/vFile5102.png,,,,,,,/home/rushirajsinh/Downloads/AdversarialAttacks/FastAI-OneShot/MyGit/InceptionResnet/vFile5102.png
/home/rushirajsinh/Downloads/AdversarialAttacks/FastAI-OneShot/MyGit/InceptionResnet/vFile5113.png,,,,,,,/home/rushirajsinh/Downloads/AdversarialAttacks/FastAI-OneShot/MyGit/InceptionResnet/vFile5113.png
/home/rushirajsinh/Downloads/AdversarialAttacks/FastAI-OneShot/MyGit/InceptionResnet/vFile5137.png,,,,,,,/home/rushirajsinh/Downloads/AdversarialAttacks/FastAI-OneShot/MyGit/InceptionResnet/vFile5137.png
/home/rushirajsinh/Downloads/AdversarialAttacks/FastAI-OneShot/MyGit/InceptionResnet/Vaishvi_235.png,,,,,,,/home/rushirajsinh/Downloads/AdversarialAttacks/FastAI-OneShot/MyGit/InceptionResnet/Vaishvi_235.png
/home/rushirajsinh/Downloads/AdversarialAttacks/FastAI-OneShot/MyGit/InceptionResnet/vFile599.png,,,,,,,/home/rushirajsinh/Downloads/AdversarialAttacks/FastAI-OneShot/MyGit/InceptionResnet/vFile599.png
/home/rushirajsinh/Downloads/AdversarialAttacks/FastAI-OneShot/MyGit/InceptionResnet/vFile5123.png,,,,,,,/home/rushirajsinh/Downloads/AdversarialAttacks/FastAI-OneShot/MyGit/InceptionResnet/vFile5123.png
/home/rushirajsinh/Downloads/AdversarialAttacks/FastAI-OneShot/MyGit/InceptionResnet/vFile5100.png,,,,,,,/home/rushirajsinh/Downloads/AdversarialAttacks/FastAI-OneShot/MyGit/InceptionResnet/vFile5100.png
/home/rushirajsinh/Downloads/AdversarialAttacks/FastAI-OneShot/MyGit/InceptionResnet/vFile5106.png,,,,,,,/home/rushirajsinh/Downloads/AdversarialAttacks/FastAI-OneShot/MyGit/InceptionResnet/vFile5106.png
/home/rushirajsinh/Downloads/AdversarialAttacks/FastAI-OneShot/MyGit/InceptionResnet/vFile590.png,,,,,,,/home/rushirajsinh/Downloads/AdversarialAttacks/FastAI-OneShot/MyGit/InceptionResnet/vFile590.png
/home/rushirajsinh/Downloads/AdversarialAttacks/FastAI-OneShot/MyGit/InceptionResnet/vFile5138.png,,,,,,,/home/rushirajsinh/Downloads/AdversarialAttacks/FastAI-OneShot/MyGit/InceptionResnet/vFile5138.png
/home/rushirajsinh/Downloads/AdversarialAttacks/FastAI-OneShot/MyGit/InceptionResnet/vFile5134.png,,,,,,,/home/rushirajsinh/Downloads/AdversarialAttacks/FastAI-OneShot/MyGit/InceptionResnet/vFile5134.png
/home/rushirajsinh/Downloads/AdversarialAttacks/FastAI-OneShot/MyGit/InceptionResnet/Vaishvi_230.png,,,,,,,/home/rushirajsinh/Downloads/AdversarialAttacks/FastAI-OneShot/MyGit/InceptionResnet/Vaishvi_230.png
/home/rushirajsinh/Downloads/AdversarialAttacks/FastAI-OneShot/MyGit/InceptionResnet/vFile5116.png,,,,,,,/home/rushirajsinh/Downloads/AdversarialAttacks/FastAI-OneShot/MyGit/InceptionResnet/vFile5116.png
/home/rushirajsinh/Downloads/AdversarialAttacks/FastAI-OneShot/MyGit/InceptionResnet/vFile5129.png,,,,,,,/home/rushirajsinh/Downloads/AdversarialAttacks/FastAI-OneShot/MyGit/InceptionResnet/vFile5129.png
/home/rushirajsinh/Downloads/AdversarialAttacks/FastAI-OneShot/MyGit/InceptionResnet/vFile5105.png,,,,,,,/home/rushirajsinh/Downloads/AdversarialAttacks/FastAI-OneShot/MyGit/InceptionResnet/vFile5105.png
/home/rushirajsinh/Downloads/AdversarialAttacks/FastAI-OneShot/MyGit/InceptionResnet/vFile595.png,,,,,,,/home/rushirajsinh/Downloads/AdversarialAttacks/FastAI-OneShot/MyGit/InceptionResnet/vFile595.png
/home/rushirajsinh/Downloads/AdversarialAttacks/FastAI-OneShot/MyGit/InceptionResnet/vFile5127.png,,,,,,,/home/rushirajsinh/Downloads/AdversarialAttacks/FastAI-OneShot/MyGit/InceptionResnet/vFile5127.png
/home/rushirajsinh/Downloads/AdversarialAttacks/FastAI-OneShot/MyGit/InceptionResnet/vFile5132.png,,,,,,,/home/rushirajsinh/Downloads/AdversarialAttacks/FastAI-OneShot/MyGit/InceptionResnet/vFile5132.png
/home/rushirajsinh/Downloads/AdversarialAttacks/FastAI-OneShot/MyGit/InceptionResnet/Vaishvi_65.png,,,,,,,/home/rushirajsinh/Downloads/AdversarialAttacks/FastAI-OneShot/MyGit/InceptionResnet/Vaishvi_65.png
/home/rushirajsinh/Downloads/AdversarialAttacks/FastAI-OneShot/MyGit/InceptionResnet/vFile5111.png,,,,,,,/home/rushirajsinh/Downloads/AdversarialAttacks/FastAI-OneShot/MyGit/InceptionResnet/vFile5111.png
/home/rushirajsinh/Downloads/AdversarialAttacks/FastAI-OneShot/MyGit/InceptionResnet/vFile5117.png,,,,,,,/home/rushirajsinh/Downloads/AdversarialAttacks/FastAI-OneShot/MyGit/InceptionResnet/vFile5117.png
/home/rushirajsinh/Downloads/AdversarialAttacks/FastAI-OneShot/MyGit/InceptionResnet/vFile593.png,,,,,,,/home/rushirajsinh/Downloads/AdversarialAttacks/FastAI-OneShot/MyGit/InceptionResnet/vFile593.png
/home/rushirajsinh/Downloads/AdversarialAttacks/FastAI-OneShot/MyGit/InceptionResnet/vFile5114.png,,,,,,,/home/rushirajsinh/Downloads/AdversarialAttacks/FastAI-OneShot/MyGit/InceptionResnet/vFile5114.png
/home/rushirajsinh/Downloads/AdversarialAttacks/FastAI-OneShot/MyGit/InceptionResnet/Vaishvi_225.png,,,,,,,/home/rushirajsinh/Downloads/AdversarialAttacks/FastAI-OneShot/MyGit/InceptionResnet/Vaishvi_225.png
/home/rushirajsinh/Downloads/AdversarialAttacks/FastAI-OneShot/MyGit/InceptionResnet/vFile589.png,,,,,,,/home/rushirajsinh/Downloads/AdversarialAttacks/FastAI-OneShot/MyGit/InceptionResnet/vFile589.png
/home/rushirajsinh/Downloads/AdversarialAttacks/FastAI-OneShot/MyGit/InceptionResnet/vFile584.png,,,,,,,/home/rushirajsinh/Downloads/AdversarialAttacks/FastAI-OneShot/MyGit/InceptionResnet/vFile584.png
/home/rushirajsinh/Downloads/AdversarialAttacks/FastAI-OneShot/MyGit/InceptionResnet/Vaishvi_0.png,,,,,,,/home/rushirajsinh/Downloads/AdversarialAttacks/FastAI-OneShot/MyGit/InceptionResnet/Vaishvi_0.png
/home/rushirajsinh/Downloads/AdversarialAttacks/FastAI-OneShot/MyGit/InceptionResnet/vFile5121.png,,,,,,,/home/rushirajsinh/Downloads/AdversarialAttacks/FastAI-OneShot/MyGit/InceptionResnet/vFile5121.png
/home/rushirajsinh/Downloads/AdversarialAttacks/FastAI-OneShot/MyGit/InceptionResnet/vFile5107.png,,,,,,,/home/rushirajsinh/Downloads/AdversarialAttacks/FastAI-OneShot/MyGit/InceptionResnet/vFile5107.png
/home/rushirajsinh/Downloads/AdversarialAttacks/FastAI-OneShot/MyGit/InceptionResnet/Vaishvi_220.png,,,,,,,/home/rushirajsinh/Downloads/AdversarialAttacks/FastAI-OneShot/MyGit/InceptionResnet/Vaishvi_220.png
/home/rushirajsinh/Downloads/AdversarialAttacks/FastAI-OneShot/MyGit/InceptionResnet/vFile5112.png,,,,,,,/home/rushirajsinh/Downloads/AdversarialAttacks/FastAI-OneShot/MyGit/InceptionResnet/vFile5112.png
/home/rushirajsinh/Downloads/AdversarialAttacks/FastAI-OneShot/MyGit/InceptionResnet/vFile5110.png,,,,,,,/home/rushirajsinh/Downloads/AdversarialAttacks/FastAI-OneShot/MyGit/InceptionResnet/vFile5110.png
/home/rushirajsinh/Downloads/AdversarialAttacks/FastAI-OneShot/MyGit/InceptionResnet/vFile5104.png,,,,,,,/home/rushirajsinh/Downloads/AdversarialAttacks/FastAI-OneShot/MyGit/InceptionResnet/vFile5104.png
/home/rushirajsinh/Downloads/AdversarialAttacks/FastAI-OneShot/MyGit/InceptionResnet/vFile5136.png,,,,,,,/home/rushirajsinh/Downloads/AdversarialAttacks/FastAI-OneShot/MyGit/InceptionResnet/vFile5136.png
/home/rushirajsinh/Downloads/AdversarialAttacks/FastAI-OneShot/MyGit/InceptionResnet/vFile5139.png,,,,,,,/home/rushirajsinh/Downloads/AdversarialAttacks/FastAI-OneShot/MyGit/InceptionResnet/vFile5139.png
/home/rushirajsinh/Downloads/AdversarialAttacks/FastAI-OneShot/MyGit/InceptionResnet/vFile583.png,,,,,,,/home/rushirajsinh/Downloads/AdversarialAttacks/FastAI-OneShot/MyGit/InceptionResnet/vFile583.png
/home/rushirajsinh/Downloads/AdversarialAttacks/FastAI-OneShot/MyGit/InceptionResnet/Vaishvi_70.png,,,,,,,/home/rushirajsinh/Downloads/AdversarialAttacks/FastAI-OneShot/MyGit/InceptionResnet/Vaishvi_70.png
/home/rushirajsinh/Downloads/AdversarialAttacks/FastAI-OneShot/MyGit/InceptionResnet/vFile5101.png,,,,,,,/home/rushirajsinh/Downloads/AdversarialAttacks/FastAI-OneShot/MyGit/InceptionResnet/vFile5101.png
/home/rushirajsinh/Downloads/AdversarialAttacks/FastAI-OneShot/MyGit/InceptionResnet/Vaishvi_75.png,,,,,,,/home/rushirajsinh/Downloads/AdversarialAttacks/FastAI-OneShot/MyGit/InceptionResnet/Vaishvi_75.png
/home/rushirajsinh/Downloads/AdversarialAttacks/FastAI-OneShot/MyGit/InceptionResnet/Vaishvi_55.png,,,,,,,/home/rushirajsinh/Downloads/AdversarialAttacks/FastAI-OneShot/MyGit/InceptionResnet/Vaishvi_55.png
/home/rushirajsinh/Downloads/AdversarialAttacks/FastAI-OneShot/MyGit/InceptionResnet/vFile585.png,,,,,,,/home/rushirajsinh/Downloads/AdversarialAttacks/FastAI-OneShot/MyGit/InceptionResnet/vFile585.png
/home/rushirajsinh/Downloads/AdversarialAttacks/FastAI-OneShot/MyGit/InceptionResnet/vFile5103.png,,,,,,,/home/rushirajsinh/Downloads/AdversarialAttacks/FastAI-OneShot/MyGit/InceptionResnet/vFile5103.png
/home/rushirajsinh/Downloads/AdversarialAttacks/FastAI-OneShot/MyGit/InceptionResnet/vFile5125.png,,,,,,,/home/rushirajsinh/Downloads/AdversarialAttacks/FastAI-OneShot/MyGit/InceptionResnet/vFile5125.png
/home/rushirajsinh/Downloads/AdversarialAttacks/FastAI-OneShot/MyGit/InceptionResnet/Vaishvi_70 2.png,,,,,,,/home/rushirajsinh/Downloads/AdversarialAttacks/FastAI-OneShot/MyGit/InceptionResnet/Vaishvi_70 2.png
/home/rushirajsinh/Downloads/AdversarialAttacks/FastAI-OneShot/MyGit/InceptionResnet/Vaishvi_240.png,,,,,,,/home/rushirajsinh/Downloads/AdversarialAttacks/FastAI-OneShot/MyGit/InceptionResnet/Vaishvi_240.png
/home/rushirajsinh/Downloads/AdversarialAttacks/FastAI-OneShot/MyGit/InceptionResnet/vFile5122.png,,,,,,,/home/rushirajsinh/Downloads/AdversarialAttacks/FastAI-OneShot/MyGit/InceptionResnet/vFile5122.png
/home/rushirajsinh/Downloads/AdversarialAttacks/FastAI-OneShot/MyGit/InceptionResnet/vFile5126.png,,,,,,,/home/rushirajsinh/Downloads/AdversarialAttacks/FastAI-OneShot/MyGit/InceptionResnet/vFile5126.png
/home/rushirajsinh/Downloads/AdversarialAttacks/FastAI-OneShot/MyGit/InceptionResnet/vFile582.png,,,,,,,/home/rushirajsinh/Downloads/AdversarialAttacks/FastAI-OneShot/MyGit/InceptionResnet/vFile582.png
/home/rushirajsinh/Downloads/AdversarialAttacks/FastAI-OneShot/MyGit/InceptionResnet/vFile594.png,,,,,,,/home/rushirajsinh/Downloads/AdversarialAttacks/FastAI-OneShot/MyGit/InceptionResnet/vFile594.png
/home/rushirajsinh/Downloads/AdversarialAttacks/FastAI-OneShot/MyGit/InceptionResnet/vFile5128.png,,,,,,,/home/rushirajsinh/Downloads/AdversarialAttacks/FastAI-OneShot/MyGit/InceptionResnet/vFile5128.png
/home/rushirajsinh/Downloads/AdversarialAttacks/FastAI-OneShot/MyGit/InceptionResnet/Vaishvi_5.png,,,,,,,/home/rushirajsinh/Downloads/AdversarialAttacks/FastAI-OneShot/MyGit/InceptionResnet/Vaishvi_5.png
/home/rushirajsinh/Downloads/AdversarialAttacks/FastAI-OneShot/MyGit/InceptionResnet/vFile592.png,,,,,,,/home/rushirajsinh/Downloads/AdversarialAttacks/FastAI-OneShot/MyGit/InceptionResnet/vFile592.png
/home/rushirajsinh/Downloads/AdversarialAttacks/FastAI-OneShot/MyGit/InceptionResnet/vFile5118.png,,,,,,,/home/rushirajsinh/Downloads/AdversarialAttacks/FastAI-OneShot/MyGit/InceptionResnet/vFile5118.png
/home/rushirajsinh/Downloads/AdversarialAttacks/FastAI-OneShot/MyGit/InceptionResnet/vFile5133.png,,,,,,,/home/rushirajsinh/Downloads/AdversarialAttacks/FastAI-OneShot/MyGit/InceptionResnet/vFile5133.png
/home/rushirajsinh/Downloads/AdversarialAttacks/FastAI-OneShot/MyGit/InceptionResnet/vFile5115.png,,,,,,,/home/rushirajsinh/Downloads/AdversarialAttacks/FastAI-OneShot/MyGit/InceptionResnet/vFile5115.png
/home/rushirajsinh/Downloads/AdversarialAttacks/FastAI-OneShot/MyGit/InceptionResnet/Vaishvi_60.png,,,,,,,/home/rushirajsinh/Downloads/AdversarialAttacks/FastAI-OneShot/MyGit/InceptionResnet/Vaishvi_60.png
/home/rushirajsinh/Downloads/AdversarialAttacks/FastAI-OneShot/MyGit/InceptionResnet/Vaishvi_50.png,,,,,,,/home/rushirajsinh/Downloads/AdversarialAttacks/FastAI-OneShot/MyGit/InceptionResnet/Vaishvi_50.png
/home/rushirajsinh/Downloads/AdversarialAttacks/FastAI-OneShot/MyGit/InceptionResnet/vFile596.png,,,,,,,/home/rushirajsinh/Downloads/AdversarialAttacks/FastAI-OneShot/MyGit/InceptionResnet/vFile596.png
/home/rushirajsinh/Downloads/AdversarialAttacks/FastAI-OneShot/MyGit/InceptionResnet/Shakti_425.png,,,,,,,/home/rushirajsinh/Downloads/AdversarialAttacks/FastAI-OneShot/MyGit/InceptionResnet/Shakti_425.png
/home/rushirajsinh/Downloads/AdversarialAttacks/FastAI-OneShot/MyGit/InceptionResnet/360.png,,,,,,,/home/rushirajsinh/Downloads/AdversarialAttacks/FastAI-OneShot/MyGit/InceptionResnet/360.png
/home/rushirajsinh/Downloads/AdversarialAttacks/FastAI-OneShot/MyGit/InceptionResnet/13 14.png,,,,,,,/home/rushirajsinh/Downloads/AdversarialAttacks/FastAI-OneShot/MyGit/InceptionResnet/13 14.png
/home/rushirajsinh/Downloads/AdversarialAttacks/FastAI-OneShot/MyGit/InceptionResnet/Shakti_420.png,,,,,,,/home/rushirajsinh/Downloads/AdversarialAttacks/FastAI-OneShot/MyGit/InceptionResnet/Shakti_420.png
/home/rushirajsinh/Downloads/AdversarialAttacks/FastAI-OneShot/MyGit/InceptionResnet/217.png,,,,,,,/home/rushirajsinh/Downloads/AdversarialAttacks/FastAI-OneShot/MyGit/InceptionResnet/217.png
/home/rushirajsinh/Downloads/AdversarialAttacks/FastAI-OneShot/MyGit/InceptionResnet/Shakti_300.png,,,,,,,/home/rushirajsinh/Downloads/AdversarialAttacks/FastAI-OneShot/MyGit/InceptionResnet/Shakti_300.png
/home/rushirajsinh/Downloads/AdversarialAttacks/FastAI-OneShot/MyGit/InceptionResnet/8 9.png,,,,,,,/home/rushirajsinh/Downloads/AdversarialAttacks/FastAI-OneShot/MyGit/InceptionResnet/8 9.png
/home/rushirajsinh/Downloads/AdversarialAttacks/FastAI-OneShot/MyGit/InceptionResnet/23 24.png,,,,,,,/home/rushirajsinh/Downloads/AdversarialAttacks/FastAI-OneShot/MyGit/InceptionResnet/23 24.png
/home/rushirajsinh/Downloads/AdversarialAttacks/FastAI-OneShot/MyGit/InceptionResnet/272.png,,,,,,,/home/rushirajsinh/Downloads/AdversarialAttacks/FastAI-OneShot/MyGit/InceptionResnet/272.png
/home/rushirajsinh/Downloads/AdversarialAttacks/FastAI-OneShot/MyGit/InceptionResnet/15 16.png,,,,,,,/home/rushirajsinh/Downloads/AdversarialAttacks/FastAI-OneShot/MyGit/InceptionResnet/15 16.png
/home/rushirajsinh/Downloads/AdversarialAttacks/FastAI-OneShot/MyGit/InceptionResnet/Shakti_270.png,,,,,,,/home/rushirajsinh/Downloads/AdversarialAttacks/FastAI-OneShot/MyGit/InceptionResnet/Shakti_270.png
/home/rushirajsinh/Downloads/AdversarialAttacks/FastAI-OneShot/MyGit/InceptionResnet/22 23.png,,,,,,,/home/rushirajsinh/Downloads/AdversarialAttacks/FastAI-OneShot/MyGit/InceptionResnet/22 23.png
/home/rushirajsinh/Downloads/AdversarialAttacks/FastAI-OneShot/MyGit/InceptionResnet/219.png,,,,,,,/home/rushirajsinh/Downloads/AdversarialAttacks/FastAI-OneShot/MyGit/InceptionResnet/219.png
/home/rushirajsinh/Downloads/AdversarialAttacks/FastAI-OneShot/MyGit/InceptionResnet/10 11.png,,,,,,,/home/rushirajsinh/Downloads/AdversarialAttacks/FastAI-OneShot/MyGit/InceptionResnet/10 11.png
/home/rushirajsinh/Downloads/AdversarialAttacks/FastAI-OneShot/MyGit/InceptionResnet/4 5.png,,,,,,,/home/rushirajsinh/Downloads/AdversarialAttacks/FastAI-OneShot/MyGit/InceptionResnet/4 5.png
/home/rushirajsinh/Downloads/AdversarialAttacks/FastAI-OneShot/MyGit/InceptionResnet/Shakti_395.png,,,,,,,/home/rushirajsinh/Downloads/AdversarialAttacks/FastAI-OneShot/MyGit/InceptionResnet/Shakti_395.png
/home/rushirajsinh/Downloads/AdversarialAttacks/FastAI-OneShot/MyGit/InceptionResnet/362.png,,,,,,,/home/rushirajsinh/Downloads/AdversarialAttacks/FastAI-OneShot/MyGit/InceptionResnet/362.png
/home/rushirajsinh/Downloads/AdversarialAttacks/FastAI-OneShot/MyGit/InceptionResnet/Shakti_385.png,,,,,,,/home/rushirajsinh/Downloads/AdversarialAttacks/FastAI-OneShot/MyGit/InceptionResnet/Shakti_385.png
/home/rushirajsinh/Downloads/AdversarialAttacks/FastAI-OneShot/MyGit/InceptionResnet/280.png,,,,,,,/home/rushirajsinh/Downloads/AdversarialAttacks/FastAI-OneShot/MyGit/InceptionResnet/280.png
/home/rushirajsinh/Downloads/AdversarialAttacks/FastAI-OneShot/MyGit/InceptionResnet/9 10.png,,,,,,,/home/rushirajsinh/Downloads/AdversarialAttacks/FastAI-OneShot/MyGit/InceptionResnet/9 10.png
/home/rushirajsinh/Downloads/AdversarialAttacks/FastAI-OneShot/MyGit/InceptionResnet/222.png,,,,,,,/home/rushirajsinh/Downloads/AdversarialAttacks/FastAI-OneShot/MyGit/InceptionResnet/222.png
/home/rushirajsinh/Downloads/AdversarialAttacks/FastAI-OneShot/MyGit/InceptionResnet/24 25.png,,,,,,,/home/rushirajsinh/Downloads/AdversarialAttacks/FastAI-OneShot/MyGit/InceptionResnet/24 25.png
/home/rushirajsinh/Downloads/AdversarialAttacks/FastAI-OneShot/MyGit/InceptionResnet/223.png,,,,,,,/home/rushirajsinh/Downloads/AdversarialAttacks/FastAI-OneShot/MyGit/InceptionResnet/223.png
/home/rushirajsinh/Downloads/AdversarialAttacks/FastAI-OneShot/MyGit/InceptionResnet/0 1.png,,,,,,,/home/rushirajsinh/Downloads/AdversarialAttacks/FastAI-OneShot/MyGit/InceptionResnet/0 1.png
/home/rushirajsinh/Downloads/AdversarialAttacks/FastAI-OneShot/MyGit/InceptionResnet/14 15.png,,,,,,,/home/rushirajsinh/Downloads/AdversarialAttacks/FastAI-OneShot/MyGit/InceptionResnet/14 15.png
/home/rushirajsinh/Downloads/AdversarialAttacks/FastAI-OneShot/MyGit/InceptionResnet/Shakti_440.png,,,,,,,/home/rushirajsinh/Downloads/AdversarialAttacks/FastAI-OneShot/MyGit/InceptionResnet/Shakti_440.png
/home/rushirajsinh/Downloads/AdversarialAttacks/FastAI-OneShot/MyGit/InceptionResnet/221.png,,,,,,,/home/rushirajsinh/Downloads/AdversarialAttacks/FastAI-OneShot/MyGit/InceptionResnet/221.png
/home/rushirajsinh/Downloads/AdversarialAttacks/FastAI-OneShot/MyGit/InceptionResnet/263.png,,,,,,,/home/rushirajsinh/Downloads/AdversarialAttacks/FastAI-OneShot/MyGit/InceptionResnet/263.png
/home/rushirajsinh/Downloads/AdversarialAttacks/FastAI-OneShot/MyGit/InceptionResnet/18 19.png,,,,,,,/home/rushirajsinh/Downloads/AdversarialAttacks/FastAI-OneShot/MyGit/InceptionResnet/18 19.png
/home/rushirajsinh/Downloads/AdversarialAttacks/FastAI-OneShot/MyGit/InceptionResnet/220.png,,,,,,,/home/rushirajsinh/Downloads/AdversarialAttacks/FastAI-OneShot/MyGit/InceptionResnet/220.png
/home/rushirajsinh/Downloads/AdversarialAttacks/FastAI-OneShot/MyGit/InceptionResnet/20 21.png,,,,,,,/home/rushirajsinh/Downloads/AdversarialAttacks/FastAI-OneShot/MyGit/InceptionResnet/20 21.png
/home/rushirajsinh/Downloads/AdversarialAttacks/FastAI-OneShot/MyGit/InceptionResnet/215.png,,,,,,,/home/rushirajsinh/Downloads/AdversarialAttacks/FastAI-OneShot/MyGit/InceptionResnet/215.png
/home/rushirajsinh/Downloads/AdversarialAttacks/FastAI-OneShot/MyGit/InceptionResnet/Shakti_125.png,,,,,,,/home/rushirajsinh/Downloads/AdversarialAttacks/FastAI-OneShot/MyGit/InceptionResnet/Shakti_125.png
/home/rushirajsinh/Downloads/AdversarialAttacks/FastAI-OneShot/MyGit/InceptionResnet/276.png,,,,,,,/home/rushirajsinh/Downloads/AdversarialAttacks/FastAI-OneShot/MyGit/InceptionResnet/276.png
/home/rushirajsinh/Downloads/AdversarialAttacks/FastAI-OneShot/MyGit/InceptionResnet/266.png,,,,,,,/home/rushirajsinh/Downloads/AdversarialAttacks/FastAI-OneShot/MyGit/InceptionResnet/266.png
/home/rushirajsinh/Downloads/AdversarialAttacks/FastAI-OneShot/MyGit/InceptionResnet/Shakti_445.png,,,,,,,/home/rushirajsinh/Downloads/AdversarialAttacks/FastAI-OneShot/MyGit/InceptionResnet/Shakti_445.png
/home/rushirajsinh/Downloads/AdversarialAttacks/FastAI-OneShot/MyGit/InceptionResnet/368.png,,,,,,,/home/rushirajsinh/Downloads/AdversarialAttacks/FastAI-OneShot/MyGit/InceptionResnet/368.png
/home/rushirajsinh/Downloads/AdversarialAttacks/FastAI-OneShot/MyGit/InceptionResnet/Shakti_405.png,,,,,,,/home/rushirajsinh/Downloads/AdversarialAttacks/FastAI-OneShot/MyGit/InceptionResnet/Shakti_405.png
/home/rushirajsinh/Downloads/AdversarialAttacks/FastAI-OneShot/MyGit/InceptionResnet/366.png,,,,,,,/home/rushirajsinh/Downloads/AdversarialAttacks/FastAI-OneShot/MyGit/InceptionResnet/366.png
/home/rushirajsinh/Downloads/AdversarialAttacks/FastAI-OneShot/MyGit/InceptionResnet/26 27.png,,,,,,,/home/rushirajsinh/Downloads/AdversarialAttacks/FastAI-OneShot/MyGit/InceptionResnet/26 27.png
/home/rushirajsinh/Downloads/AdversarialAttacks/FastAI-OneShot/MyGit/InceptionResnet/12 13.png,,,,,,,/home/rushirajsinh/Downloads/AdversarialAttacks/FastAI-OneShot/MyGit/InceptionResnet/12 13.png
/home/rushirajsinh/Downloads/AdversarialAttacks/FastAI-OneShot/MyGit/InceptionResnet/279.png,,,,,,,/home/rushirajsinh/Downloads/AdversarialAttacks/FastAI-OneShot/MyGit/InceptionResnet/279.png
/home/rushirajsinh/Downloads/AdversarialAttacks/FastAI-OneShot/MyGit/InceptionResnet/270.png,,,,,,,/home/rushirajsinh/Downloads/AdversarialAttacks/FastAI-OneShot/MyGit/InceptionResnet/270.png
/home/rushirajsinh/Downloads/AdversarialAttacks/FastAI-OneShot/MyGit/InceptionResnet/7 8.png,,,,,,,/home/rushirajsinh/Downloads/AdversarialAttacks/FastAI-OneShot/MyGit/InceptionResnet/7 8.png
/home/rushirajsinh/Downloads/AdversarialAttacks/FastAI-OneShot/MyGit/InceptionResnet/19 20.png,,,,,,,/home/rushirajsinh/Downloads/AdversarialAttacks/FastAI-OneShot/MyGit/InceptionResnet/19 20.png
/home/rushirajsinh/Downloads/AdversarialAttacks/FastAI-OneShot/MyGit/InceptionResnet/3 4.png,,,,,,,/home/rushirajsinh/Downloads/AdversarialAttacks/FastAI-OneShot/MyGit/InceptionResnet/3 4.png
/home/rushirajsinh/Downloads/AdversarialAttacks/FastAI-OneShot/MyGit/InceptionResnet/Shakti_400.png,,,,,,,/home/rushirajsinh/Downloads/AdversarialAttacks/FastAI-OneShot/MyGit/InceptionResnet/Shakti_400.png
/home/rushirajsinh/Downloads/AdversarialAttacks/FastAI-OneShot/MyGit/InceptionResnet/364.png,,,,,,,/home/rushirajsinh/Downloads/AdversarialAttacks/FastAI-OneShot/MyGit/InceptionResnet/364.png
/home/rushirajsinh/Downloads/AdversarialAttacks/FastAI-OneShot/MyGit/InceptionResnet/Shakti_415.png,,,,,,,/home/rushirajsinh/Downloads/AdversarialAttacks/FastAI-OneShot/MyGit/InceptionResnet/Shakti_415.png
/home/rushirajsinh/Downloads/AdversarialAttacks/FastAI-OneShot/MyGit/InceptionResnet/Shakti_410.png,,,,,,,/home/rushirajsinh/Downloads/AdversarialAttacks/FastAI-OneShot/MyGit/InceptionResnet/Shakti_410.png
/home/rushirajsinh/Downloads/AdversarialAttacks/FastAI-OneShot/MyGit/InceptionResnet/Shakti_390.png,,,,,,,/home/rushirajsinh/Downloads/AdversarialAttacks/FastAI-OneShot/MyGit/InceptionResnet/Shakti_390.png
/home/rushirajsinh/Downloads/AdversarialAttacks/FastAI-OneShot/MyGit/InceptionResnet/Shakti_450.png,,,,,,,/home/rushirajsinh/Downloads/AdversarialAttacks/FastAI-OneShot/MyGit/InceptionResnet/Shakti_450.png
/home/rushirajsinh/Downloads/AdversarialAttacks/FastAI-OneShot/MyGit/InceptionResnet/1 2.png,,,,,,,/home/rushirajsinh/Downloads/AdversarialAttacks/FastAI-OneShot/MyGit/InceptionResnet/1 2.png
/home/rushirajsinh/Downloads/AdversarialAttacks/FastAI-OneShot/MyGit/InceptionResnet/274.png,,,,,,,/home/rushirajsinh/Downloads/AdversarialAttacks/FastAI-OneShot/MyGit/InceptionResnet/274.png
/home/rushirajsinh/Downloads/AdversarialAttacks/FastAI-OneShot/MyGit/InceptionResnet/370.png,,,,,,,/home/rushirajsinh/Downloads/AdversarialAttacks/FastAI-OneShot/MyGit/InceptionResnet/370.png
/home/rushirajsinh/Downloads/AdversarialAttacks/FastAI-OneShot/MyGit/InceptionResnet/21 22.png,,,,,,,/home/rushirajsinh/Downloads/AdversarialAttacks/FastAI-OneShot/MyGit/InceptionResnet/21 22.png
/home/rushirajsinh/Downloads/AdversarialAttacks/FastAI-OneShot/MyGit/InceptionResnet/25 26.png,,,,,,,/home/rushirajsinh/Downloads/AdversarialAttacks/FastAI-OneShot/MyGit/InceptionResnet/25 26.png
/home/rushirajsinh/Downloads/AdversarialAttacks/FastAI-OneShot/MyGit/InceptionResnet/218.png,,,,,,,/home/rushirajsinh/Downloads/AdversarialAttacks/FastAI-OneShot/MyGit/InceptionResnet/218.png
/home/rushirajsinh/Downloads/AdversarialAttacks/FastAI-OneShot/MyGit/InceptionResnet/281.png,,,,,,,/home/rushirajsinh/Downloads/AdversarialAttacks/FastAI-OneShot/MyGit/InceptionResnet/281.png
/home/rushirajsinh/Downloads/AdversarialAttacks/FastAI-OneShot/MyGit/InceptionResnet/11 12.png,,,,,,,/home/rushirajsinh/Downloads/AdversarialAttacks/FastAI-OneShot/MyGit/InceptionResnet/11 12.png
/home/rushirajsinh/Downloads/AdversarialAttacks/FastAI-OneShot/MyGit/InceptionResnet/Shakti_455.png,,,,,,,/home/rushirajsinh/Downloads/AdversarialAttacks/FastAI-OneShot/MyGit/InceptionResnet/Shakti_455.png
/home/rushirajsinh/Downloads/AdversarialAttacks/FastAI-OneShot/MyGit/InceptionResnet/216.png,,,,,,,/home/rushirajsinh/Downloads/AdversarialAttacks/FastAI-OneShot/MyGit/InceptionResnet/216.png
/home/rushirajsinh/Downloads/AdversarialAttacks/FastAI-OneShot/MyGit/InceptionResnet/File4130.png,,,,,,,/home/rushirajsinh/Downloads/AdversarialAttacks/FastAI-OneShot/MyGit/InceptionResnet/File4130.png
/home/rushirajsinh/Downloads/AdversarialAttacks/FastAI-OneShot/MyGit/InceptionResnet/Vidhi_35.png,,,,,,,/home/rushirajsinh/Downloads/AdversarialAttacks/FastAI-OneShot/MyGit/InceptionResnet/Vidhi_35.png
/home/rushirajsinh/Downloads/AdversarialAttacks/FastAI-OneShot/MyGit/InceptionResnet/File4136.png,,,,,,,/home/rushirajsinh/Downloads/AdversarialAttacks/FastAI-OneShot/MyGit/InceptionResnet/File4136.png
/home/rushirajsinh/Downloads/AdversarialAttacks/FastAI-OneShot/MyGit/InceptionResnet/File4150.png,,,,,,,/home/rushirajsinh/Downloads/AdversarialAttacks/FastAI-OneShot/MyGit/InceptionResnet/File4150.png
/home/rushirajsinh/Downloads/AdversarialAttacks/FastAI-OneShot/MyGit/InceptionResnet/File4139.png,,,,,,,/home/rushirajsinh/Downloads/AdversarialAttacks/FastAI-OneShot/MyGit/InceptionResnet/File4139.png
/home/rushirajsinh/Downloads/AdversarialAttacks/FastAI-OneShot/MyGit/InceptionResnet/Vidhi_50.png,,,,,,,/home/rushirajsinh/Downloads/AdversarialAttacks/FastAI-OneShot/MyGit/InceptionResnet/Vidhi_50.png
/home/rushirajsinh/Downloads/AdversarialAttacks/FastAI-OneShot/MyGit/InceptionResnet/File4109.png,,,,,,,/home/rushirajsinh/Downloads/AdversarialAttacks/FastAI-OneShot/MyGit/InceptionResnet/File4109.png
/home/rushirajsinh/Downloads/AdversarialAttacks/FastAI-OneShot/MyGit/InceptionResnet/Vidhi_5.png,,,,,,,/home/rushirajsinh/Downloads/AdversarialAttacks/FastAI-OneShot/MyGit/InceptionResnet/Vidhi_5.png
/home/rushirajsinh/Downloads/AdversarialAttacks/FastAI-OneShot/MyGit/InceptionResnet/Vidhi_10.png,,,,,,,/home/rushirajsinh/Downloads/AdversarialAttacks/FastAI-OneShot/MyGit/InceptionResnet/Vidhi_10.png
/home/rushirajsinh/Downloads/AdversarialAttacks/FastAI-OneShot/MyGit/InceptionResnet/File4120.png,,,,,,,/home/rushirajsinh/Downloads/AdversarialAttacks/FastAI-OneShot/MyGit/InceptionResnet/File4120.png
/home/rushirajsinh/Downloads/AdversarialAttacks/FastAI-OneShot/MyGit/InceptionResnet/File4114.png,,,,,,,/home/rushirajsinh/Downloads/AdversarialAttacks/FastAI-OneShot/MyGit/InceptionResnet/File4114.png
/home/rushirajsinh/Downloads/AdversarialAttacks/FastAI-OneShot/MyGit/InceptionResnet/File4141.png,,,,,,,/home/rushirajsinh/Downloads/AdversarialAttacks/FastAI-OneShot/MyGit/InceptionResnet/File4141.png
/home/rushirajsinh/Downloads/AdversarialAttacks/FastAI-OneShot/MyGit/InceptionResnet/File4126.png,,,,,,,/home/rushirajsinh/Downloads/AdversarialAttacks/FastAI-OneShot/MyGit/InceptionResnet/File4126.png
/home/rushirajsinh/Downloads/AdversarialAttacks/FastAI-OneShot/MyGit/InceptionResnet/File4110.png,,,,,,,/home/rushirajsinh/Downloads/AdversarialAttacks/FastAI-OneShot/MyGit/InceptionResnet/File4110.png
/home/rushirajsinh/Downloads/AdversarialAttacks/FastAI-OneShot/MyGit/InceptionResnet/Vidhi_135.png,,,,,,,/home/rushirajsinh/Downloads/AdversarialAttacks/FastAI-OneShot/MyGit/InceptionResnet/Vidhi_135.png
/home/rushirajsinh/Downloads/AdversarialAttacks/FastAI-OneShot/MyGit/InceptionResnet/File4122.png,,,,,,,/home/rushirajsinh/Downloads/AdversarialAttacks/FastAI-OneShot/MyGit/InceptionResnet/File4122.png
/home/rushirajsinh/Downloads/AdversarialAttacks/FastAI-OneShot/MyGit/InceptionResnet/File4128.png,,,,,,,/home/rushirajsinh/Downloads/AdversarialAttacks/FastAI-OneShot/MyGit/InceptionResnet/File4128.png
/home/rushirajsinh/Downloads/AdversarialAttacks/FastAI-OneShot/MyGit/InceptionResnet/File4143.png,,,,,,,/home/rushirajsinh/Downloads/AdversarialAttacks/FastAI-OneShot/MyGit/InceptionResnet/File4143.png
/home/rushirajsinh/Downloads/AdversarialAttacks/FastAI-OneShot/MyGit/InceptionResnet/File4103.png,,,,,,,/home/rushirajsinh/Downloads/AdversarialAttacks/FastAI-OneShot/MyGit/InceptionResnet/File4103.png
/home/rushirajsinh/Downloads/AdversarialAttacks/FastAI-OneShot/MyGit/InceptionResnet/File4115.png,,,,,,,/home/rushirajsinh/Downloads/AdversarialAttacks/FastAI-OneShot/MyGit/InceptionResnet/File4115.png
/home/rushirajsinh/Downloads/AdversarialAttacks/FastAI-OneShot/MyGit/InceptionResnet/Vidhi_150.png,,,,,,,/home/rushirajsinh/Downloads/AdversarialAttacks/FastAI-OneShot/MyGit/InceptionResnet/Vidhi_150.png
/home/rushirajsinh/Downloads/AdversarialAttacks/FastAI-OneShot/MyGit/InceptionResnet/File4132.png,,,,,,,/home/rushirajsinh/Downloads/AdversarialAttacks/FastAI-OneShot/MyGit/InceptionResnet/File4132.png
/home/rushirajsinh/Downloads/AdversarialAttacks/FastAI-OneShot/MyGit/InceptionResnet/File4108.png,,,,,,,/home/rushirajsinh/Downloads/AdversarialAttacks/FastAI-OneShot/MyGit/InceptionResnet/File4108.png
/home/rushirajsinh/Downloads/AdversarialAttacks/FastAI-OneShot/MyGit/InceptionResnet/File4144.png,,,,,,,/home/rushirajsinh/Downloads/AdversarialAttacks/FastAI-OneShot/MyGit/InceptionResnet/File4144.png
/home/rushirajsinh/Downloads/AdversarialAttacks/FastAI-OneShot/MyGit/InceptionResnet/File4104.png,,,,,,,/home/rushirajsinh/Downloads/AdversarialAttacks/FastAI-OneShot/MyGit/InceptionResnet/File4104.png
/home/rushirajsinh/Downloads/AdversarialAttacks/FastAI-OneShot/MyGit/InceptionResnet/Vidhi_155.png,,,,,,,/home/rushirajsinh/Downloads/AdversarialAttacks/FastAI-OneShot/MyGit/InceptionResnet/Vidhi_155.png
/home/rushirajsinh/Downloads/AdversarialAttacks/FastAI-OneShot/MyGit/InceptionResnet/File4142.png,,,,,,,/home/rushirajsinh/Downloads/AdversarialAttacks/FastAI-OneShot/MyGit/InceptionResnet/File4142.png
/home/rushirajsinh/Downloads/AdversarialAttacks/FastAI-OneShot/MyGit/InceptionResnet/Vidhi_110.png,,,,,,,/home/rushirajsinh/Downloads/AdversarialAttacks/FastAI-OneShot/MyGit/InceptionResnet/Vidhi_110.png
/home/rushirajsinh/Downloads/AdversarialAttacks/FastAI-OneShot/MyGit/InceptionResnet/File4137.png,,,,,,,/home/rushirajsinh/Downloads/AdversarialAttacks/FastAI-OneShot/MyGit/InceptionResnet/File4137.png
/home/rushirajsinh/Downloads/AdversarialAttacks/FastAI-OneShot/MyGit/InceptionResnet/Vidhi_60.png,,,,,,,/home/rushirajsinh/Downloads/AdversarialAttacks/FastAI-OneShot/MyGit/InceptionResnet/Vidhi_60.png
/home/rushirajsinh/Downloads/AdversarialAttacks/FastAI-OneShot/MyGit/InceptionResnet/File4127.png,,,,,,,/home/rushirajsinh/Downloads/AdversarialAttacks/FastAI-OneShot/MyGit/InceptionResnet/File4127.png
/home/rushirajsinh/Downloads/AdversarialAttacks/FastAI-OneShot/MyGit/InceptionResnet/File4129.png,,,,,,,/home/rushirajsinh/Downloads/AdversarialAttacks/FastAI-OneShot/MyGit/InceptionResnet/File4129.png
/home/rushirajsinh/Downloads/AdversarialAttacks/FastAI-OneShot/MyGit/InceptionResnet/File4113.png,,,,,,,/home/rushirajsinh/Downloads/AdversarialAttacks/FastAI-OneShot/MyGit/InceptionResnet/File4113.png
/home/rushirajsinh/Downloads/AdversarialAttacks/FastAI-OneShot/MyGit/InceptionResnet/File4119.png,,,,,,,/home/rushirajsinh/Downloads/AdversarialAttacks/FastAI-OneShot/MyGit/InceptionResnet/File4119.png
/home/rushirajsinh/Downloads/AdversarialAttacks/FastAI-OneShot/MyGit/InceptionResnet/File4124.png,,,,,,,/home/rushirajsinh/Downloads/AdversarialAttacks/FastAI-OneShot/MyGit/InceptionResnet/File4124.png
/home/rushirajsinh/Downloads/AdversarialAttacks/FastAI-OneShot/MyGit/InceptionResnet/File4107.png,,,,,,,/home/rushirajsinh/Downloads/AdversarialAttacks/FastAI-OneShot/MyGit/InceptionResnet/File4107.png
/home/rushirajsinh/Downloads/AdversarialAttacks/FastAI-OneShot/MyGit/InceptionResnet/File4147.png,,,,,,,/home/rushirajsinh/Downloads/AdversarialAttacks/FastAI-OneShot/MyGit/InceptionResnet/File4147.png
/home/rushirajsinh/Downloads/AdversarialAttacks/FastAI-OneShot/MyGit/InceptionResnet/File4148.png,,,,,,,/home/rushirajsinh/Downloads/AdversarialAttacks/FastAI-OneShot/MyGit/InceptionResnet/File4148.png
/home/rushirajsinh/Downloads/AdversarialAttacks/FastAI-OneShot/MyGit/InceptionResnet/File4140.png,,,,,,,/home/rushirajsinh/Downloads/AdversarialAttacks/FastAI-OneShot/MyGit/InceptionResnet/File4140.png
/home/rushirajsinh/Downloads/AdversarialAttacks/FastAI-OneShot/MyGit/InceptionResnet/File4131.png,,,,,,,/home/rushirajsinh/Downloads/AdversarialAttacks/FastAI-OneShot/MyGit/InceptionResnet/File4131.png
/home/rushirajsinh/Downloads/AdversarialAttacks/FastAI-OneShot/MyGit/InceptionResnet/File4125.png,,,,,,,/home/rushirajsinh/Downloads/AdversarialAttacks/FastAI-OneShot/MyGit/InceptionResnet/File4125.png
/home/rushirajsinh/Downloads/AdversarialAttacks/FastAI-OneShot/MyGit/InceptionResnet/File4118.png,,,,,,,/home/rushirajsinh/Downloads/AdversarialAttacks/FastAI-OneShot/MyGit/InceptionResnet/File4118.png
/home/rushirajsinh/Downloads/AdversarialAttacks/FastAI-OneShot/MyGit/InceptionResnet/File4121.png,,,,,,,/home/rushirajsinh/Downloads/AdversarialAttacks/FastAI-OneShot/MyGit/InceptionResnet/File4121.png
/home/rushirajsinh/Downloads/AdversarialAttacks/FastAI-OneShot/MyGit/InceptionResnet/Vidhi_0.png,,,,,,,/home/rushirajsinh/Downloads/AdversarialAttacks/FastAI-OneShot/MyGit/InceptionResnet/Vidhi_0.png
/home/rushirajsinh/Downloads/AdversarialAttacks/FastAI-OneShot/MyGit/InceptionResnet/Vidhi_120.png,,,,,,,/home/rushirajsinh/Downloads/AdversarialAttacks/FastAI-OneShot/MyGit/InceptionResnet/Vidhi_120.png
/home/rushirajsinh/Downloads/AdversarialAttacks/FastAI-OneShot/MyGit/InceptionResnet/Vidhi_130.png,,,,,,,/home/rushirajsinh/Downloads/AdversarialAttacks/FastAI-OneShot/MyGit/InceptionResnet/Vidhi_130.png
/home/rushirajsinh/Downloads/AdversarialAttacks/FastAI-OneShot/MyGit/InceptionResnet/File4149.png,,,,,,,/home/rushirajsinh/Downloads/AdversarialAttacks/FastAI-OneShot/MyGit/InceptionResnet/File4149.png
/home/rushirajsinh/Downloads/AdversarialAttacks/FastAI-OneShot/MyGit/InceptionResnet/File4100.png,,,,,,,/home/rushirajsinh/Downloads/AdversarialAttacks/FastAI-OneShot/MyGit/InceptionResnet/File4100.png
/home/rushirajsinh/Downloads/AdversarialAttacks/FastAI-OneShot/MyGit/InceptionResnet/File4123.png,,,,,,,/home/rushirajsinh/Downloads/AdversarialAttacks/FastAI-OneShot/MyGit/InceptionResnet/File4123.png
/home/rushirajsinh/Downloads/AdversarialAttacks/FastAI-OneShot/MyGit/InceptionResnet/File4101.png,,,,,,,/home/rushirajsinh/Downloads/AdversarialAttacks/FastAI-OneShot/MyGit/InceptionResnet/File4101.png
/home/rushirajsinh/Downloads/AdversarialAttacks/FastAI-OneShot/MyGit/InceptionResnet/Vidhi_25.png,,,,,,,/home/rushirajsinh/Downloads/AdversarialAttacks/FastAI-OneShot/MyGit/InceptionResnet/Vidhi_25.png
/home/rushirajsinh/Downloads/AdversarialAttacks/FastAI-OneShot/MyGit/InceptionResnet/File4135.png,,,,,,,/home/rushirajsinh/Downloads/AdversarialAttacks/FastAI-OneShot/MyGit/InceptionResnet/File4135.png
/home/rushirajsinh/Downloads/AdversarialAttacks/FastAI-OneShot/MyGit/InceptionResnet/File4105.png,,,,,,,/home/rushirajsinh/Downloads/AdversarialAttacks/FastAI-OneShot/MyGit/InceptionResnet/File4105.png
/home/rushirajsinh/Downloads/AdversarialAttacks/FastAI-OneShot/MyGit/InceptionResnet/File4102.png,,,,,,,/home/rushirajsinh/Downloads/AdversarialAttacks/FastAI-OneShot/MyGit/InceptionResnet/File4102.png
/home/rushirajsinh/Downloads/AdversarialAttacks/FastAI-OneShot/MyGit/InceptionResnet/Vidhi_100.png,,,,,,,/home/rushirajsinh/Downloads/AdversarialAttacks/FastAI-OneShot/MyGit/InceptionResnet/Vidhi_100.png
/home/rushirajsinh/Downloads/AdversarialAttacks/FastAI-OneShot/MyGit/InceptionResnet/Vidhi_90.png,,,,,,,/home/rushirajsinh/Downloads/AdversarialAttacks/FastAI-OneShot/MyGit/InceptionResnet/Vidhi_90.png
/home/rushirajsinh/Downloads/AdversarialAttacks/FastAI-OneShot/MyGit/InceptionResnet/Vidhi_85.png,,,,,,,/home/rushirajsinh/Downloads/AdversarialAttacks/FastAI-OneShot/MyGit/InceptionResnet/Vidhi_85.png
/home/rushirajsinh/Downloads/AdversarialAttacks/FastAI-OneShot/MyGit/InceptionResnet/Vidhi_15.png,,,,,,,/home/rushirajsinh/Downloads/AdversarialAttacks/FastAI-OneShot/MyGit/InceptionResnet/Vidhi_15.png
/home/rushirajsinh/Downloads/AdversarialAttacks/FastAI-OneShot/MyGit/InceptionResnet/File4116.png,,,,,,,/home/rushirajsinh/Downloads/AdversarialAttacks/FastAI-OneShot/MyGit/InceptionResnet/File4116.png
/home/rushirajsinh/Downloads/AdversarialAttacks/FastAI-OneShot/MyGit/InceptionResnet/File4134.png,,,,,,,/home/rushirajsinh/Downloads/AdversarialAttacks/FastAI-OneShot/MyGit/InceptionResnet/File4134.png
/home/rushirajsinh/Downloads/AdversarialAttacks/FastAI-OneShot/MyGit/InceptionResnet/File4111.png,,,,,,,/home/rushirajsinh/Downloads/AdversarialAttacks/FastAI-OneShot/MyGit/InceptionResnet/File4111.png
/home/rushirajsinh/Downloads/AdversarialAttacks/FastAI-OneShot/MyGit/InceptionResnet/File4133.png,,,,,,,/home/rushirajsinh/Downloads/AdversarialAttacks/FastAI-OneShot/MyGit/InceptionResnet/File4133.png
/home/rushirajsinh/Downloads/AdversarialAttacks/FastAI-OneShot/MyGit/InceptionResnet/File4106.png,,,,,,,/home/rushirajsinh/Downloads/AdversarialAttacks/FastAI-OneShot/MyGit/InceptionResnet/File4106.png
/home/rushirajsinh/Downloads/AdversarialAttacks/FastAI-OneShot/MyGit/InceptionResnet/Vidhi_45.png,,,,,,,/home/rushirajsinh/Downloads/AdversarialAttacks/FastAI-OneShot/MyGit/InceptionResnet/Vidhi_45.png
/home/rushirajsinh/Downloads/AdversarialAttacks/FastAI-OneShot/MyGit/InceptionResnet/File4117.png,,,,,,,/home/rushirajsinh/Downloads/AdversarialAttacks/FastAI-OneShot/MyGit/InceptionResnet/File4117.png
/home/rushirajsinh/Downloads/AdversarialAttacks/FastAI-OneShot/MyGit/InceptionResnet/File4138.png,,,,,,,/home/rushirajsinh/Downloads/AdversarialAttacks/FastAI-OneShot/MyGit/InceptionResnet/File4138.png
/home/rushirajsinh/Downloads/AdversarialAttacks/FastAI-OneShot/MyGit/InceptionResnet/File4145.png,,,,,,,/home/rushirajsinh/Downloads/AdversarialAttacks/FastAI-OneShot/MyGit/InceptionResnet/File4145.png
/home/rushirajsinh/Downloads/AdversarialAttacks/FastAI-OneShot/MyGit/InceptionResnet/File4112.png,,,,,,,/home/rushirajsinh/Downloads/AdversarialAttacks/FastAI-OneShot/MyGit/InceptionResnet/File4112.png
/home/rushirajsinh/Downloads/AdversarialAttacks/FastAI-OneShot/MyGit/InceptionResnet/File4146.png,,,,,,,/home/rushirajsinh/Downloads/AdversarialAttacks/FastAI-OneShot/MyGit/InceptionResnet/File4146.png
/home/rushirajsinh/Downloads/AdversarialAttacks/FastAI-OneShot/MyGit/InceptionResnet/Vidhi_70.png,,,,,,,/home/rushirajsinh/Downloads/AdversarialAttacks/FastAI-OneShot/MyGit/InceptionResnet/Vidhi_70.png
/home/rushirajsinh/Downloads/AdversarialAttacks/FastAI-OneShot/MyGit/InceptionResnet/Vidhi_75.png,,,,,,,/home/rushirajsinh/Downloads/AdversarialAttacks/FastAI-OneShot/MyGit/InceptionResnet/Vidhi_75.png
/home/rushirajsinh/Downloads/AdversarialAttacks/FastAI-OneShot/MyGit/InceptionResnet/File2 88.png,,,,,,,/home/rushirajsinh/Downloads/AdversarialAttacks/FastAI-OneShot/MyGit/InceptionResnet/File2 88.png
/home/rushirajsinh/Downloads/AdversarialAttacks/FastAI-OneShot/MyGit/InceptionResnet/File2 82.png,,,,,,,/home/rushirajsinh/Downloads/AdversarialAttacks/FastAI-OneShot/MyGit/InceptionResnet/File2 82.png
/home/rushirajsinh/Downloads/AdversarialAttacks/FastAI-OneShot/MyGit/InceptionResnet/File2 67.png,,,,,,,/home/rushirajsinh/Downloads/AdversarialAttacks/FastAI-OneShot/MyGit/InceptionResnet/File2 67.png
/home/rushirajsinh/Downloads/AdversarialAttacks/FastAI-OneShot/MyGit/InceptionResnet/File2 80.png,,,,,,,/home/rushirajsinh/Downloads/AdversarialAttacks/FastAI-OneShot/MyGit/InceptionResnet/File2 80.png
/home/rushirajsinh/Downloads/AdversarialAttacks/FastAI-OneShot/MyGit/InceptionResnet/File2 56.png,,,,,,,/home/rushirajsinh/Downloads/AdversarialAttacks/FastAI-OneShot/MyGit/InceptionResnet/File2 56.png
/home/rushirajsinh/Downloads/AdversarialAttacks/FastAI-OneShot/MyGit/InceptionResnet/File2 94.png,,,,,,,/home/rushirajsinh/Downloads/AdversarialAttacks/FastAI-OneShot/MyGit/InceptionResnet/File2 94.png
/home/rushirajsinh/Downloads/AdversarialAttacks/FastAI-OneShot/MyGit/InceptionResnet/File2 33.png,,,,,,,/home/rushirajsinh/Downloads/AdversarialAttacks/FastAI-OneShot/MyGit/InceptionResnet/File2 33.png
/home/rushirajsinh/Downloads/AdversarialAttacks/FastAI-OneShot/MyGit/InceptionResnet/File2 111.png,,,,,,,/home/rushirajsinh/Downloads/AdversarialAttacks/FastAI-OneShot/MyGit/InceptionResnet/File2 111.png
/home/rushirajsinh/Downloads/AdversarialAttacks/FastAI-OneShot/MyGit/InceptionResnet/File2 81.png,,,,,,,/home/rushirajsinh/Downloads/AdversarialAttacks/FastAI-OneShot/MyGit/InceptionResnet/File2 81.png
/home/rushirajsinh/Downloads/AdversarialAttacks/FastAI-OneShot/MyGit/InceptionResnet/Jhanvi_70.png,,,,,,,/home/rushirajsinh/Downloads/AdversarialAttacks/FastAI-OneShot/MyGit/InceptionResnet/Jhanvi_70.png
/home/rushirajsinh/Downloads/AdversarialAttacks/FastAI-OneShot/MyGit/InceptionResnet/File2 55.png,,,,,,,/home/rushirajsinh/Downloads/AdversarialAttacks/FastAI-OneShot/MyGit/InceptionResnet/File2 55.png
/home/rushirajsinh/Downloads/AdversarialAttacks/FastAI-OneShot/MyGit/InceptionResnet/File2 107.png,,,,,,,/home/rushirajsinh/Downloads/AdversarialAttacks/FastAI-OneShot/MyGit/InceptionResnet/File2 107.png
/home/rushirajsinh/Downloads/AdversarialAttacks/FastAI-OneShot/MyGit/InceptionResnet/File2 99.png,,,,,,,/home/rushirajsinh/Downloads/AdversarialAttacks/FastAI-OneShot/MyGit/InceptionResnet/File2 99.png
/home/rushirajsinh/Downloads/AdversarialAttacks/FastAI-OneShot/MyGit/InceptionResnet/Jhanvi_20.png,,,,,,,/home/rushirajsinh/Downloads/AdversarialAttacks/FastAI-OneShot/MyGit/InceptionResnet/Jhanvi_20.png
/home/rushirajsinh/Downloads/AdversarialAttacks/FastAI-OneShot/MyGit/InceptionResnet/File2 35.png,,,,,,,/home/rushirajsinh/Downloads/AdversarialAttacks/FastAI-OneShot/MyGit/InceptionResnet/File2 35.png
/home/rushirajsinh/Downloads/AdversarialAttacks/FastAI-OneShot/MyGit/InceptionResnet/File2 46.png,,,,,,,/home/rushirajsinh/Downloads/AdversarialAttacks/FastAI-OneShot/MyGit/InceptionResnet/File2 46.png
/home/rushirajsinh/Downloads/AdversarialAttacks/FastAI-OneShot/MyGit/InceptionResnet/Jhanvi_10.png,,,,,,,/home/rushirajsinh/Downloads/AdversarialAttacks/FastAI-OneShot/MyGit/InceptionResnet/Jhanvi_10.png
/home/rushirajsinh/Downloads/AdversarialAttacks/FastAI-OneShot/MyGit/InceptionResnet/File2 92.png,,,,,,,/home/rushirajsinh/Downloads/AdversarialAttacks/FastAI-OneShot/MyGit/InceptionResnet/File2 92.png
/home/rushirajsinh/Downloads/AdversarialAttacks/FastAI-OneShot/MyGit/InceptionResnet/File2 103.png,,,,,,,/home/rushirajsinh/Downloads/AdversarialAttacks/FastAI-OneShot/MyGit/InceptionResnet/File2 103.png
/home/rushirajsinh/Downloads/AdversarialAttacks/FastAI-OneShot/MyGit/InceptionResnet/File2 101.png,,,,,,,/home/rushirajsinh/Downloads/AdversarialAttacks/FastAI-OneShot/MyGit/InceptionResnet/File2 101.png
/home/rushirajsinh/Downloads/AdversarialAttacks/FastAI-OneShot/MyGit/InceptionResnet/File2 66.png,,,,,,,/home/rushirajsinh/Downloads/AdversarialAttacks/FastAI-OneShot/MyGit/InceptionResnet/File2 66.png
/home/rushirajsinh/Downloads/AdversarialAttacks/FastAI-OneShot/MyGit/InceptionResnet/File2 90.png,,,,,,,/home/rushirajsinh/Downloads/AdversarialAttacks/FastAI-OneShot/MyGit/InceptionResnet/File2 90.png
/home/rushirajsinh/Downloads/AdversarialAttacks/FastAI-OneShot/MyGit/InceptionResnet/File2 45.png,,,,,,,/home/rushirajsinh/Downloads/AdversarialAttacks/FastAI-OneShot/MyGit/InceptionResnet/File2 45.png
/home/rushirajsinh/Downloads/AdversarialAttacks/FastAI-OneShot/MyGit/InceptionResnet/File2 41.png,,,,,,,/home/rushirajsinh/Downloads/AdversarialAttacks/FastAI-OneShot/MyGit/InceptionResnet/File2 41.png
/home/rushirajsinh/Downloads/AdversarialAttacks/FastAI-OneShot/MyGit/InceptionResnet/Jhanvi_85.png,,,,,,,/home/rushirajsinh/Downloads/AdversarialAttacks/FastAI-OneShot/MyGit/InceptionResnet/Jhanvi_85.png
/home/rushirajsinh/Downloads/AdversarialAttacks/FastAI-OneShot/MyGit/InceptionResnet/File2 102.png,,,,,,,/home/rushirajsinh/Downloads/AdversarialAttacks/FastAI-OneShot/MyGit/InceptionResnet/File2 102.png
/home/rushirajsinh/Downloads/AdversarialAttacks/FastAI-OneShot/MyGit/InceptionResnet/Jhanvi_5.png,,,,,,,/home/rushirajsinh/Downloads/AdversarialAttacks/FastAI-OneShot/MyGit/InceptionResnet/Jhanvi_5.png
/home/rushirajsinh/Downloads/AdversarialAttacks/FastAI-OneShot/MyGit/InceptionResnet/Jhanvi_15.png,,,,,,,/home/rushirajsinh/Downloads/AdversarialAttacks/FastAI-OneShot/MyGit/InceptionResnet/Jhanvi_15.png
/home/rushirajsinh/Downloads/AdversarialAttacks/FastAI-OneShot/MyGit/InceptionResnet/File2 91.png,,,,,,,/home/rushirajsinh/Downloads/AdversarialAttacks/FastAI-OneShot/MyGit/InceptionResnet/File2 91.png
/home/rushirajsinh/Downloads/AdversarialAttacks/FastAI-OneShot/MyGit/InceptionResnet/File2 84.png,,,,,,,/home/rushirajsinh/Downloads/AdversarialAttacks/FastAI-OneShot/MyGit/InceptionResnet/File2 84.png
/home/rushirajsinh/Downloads/AdversarialAttacks/FastAI-OneShot/MyGit/InceptionResnet/Jhanvi_40.png,,,,,,,/home/rushirajsinh/Downloads/AdversarialAttacks/FastAI-OneShot/MyGit/InceptionResnet/Jhanvi_40.png
/home/rushirajsinh/Downloads/AdversarialAttacks/FastAI-OneShot/MyGit/InceptionResnet/File2 100.png,,,,,,,/home/rushirajsinh/Downloads/AdversarialAttacks/FastAI-OneShot/MyGit/InceptionResnet/File2 100.png
/home/rushirajsinh/Downloads/AdversarialAttacks/FastAI-OneShot/MyGit/InceptionResnet/File2 98.png,,,,,,,/home/rushirajsinh/Downloads/AdversarialAttacks/FastAI-OneShot/MyGit/InceptionResnet/File2 98.png
/home/rushirajsinh/Downloads/AdversarialAttacks/FastAI-OneShot/MyGit/InceptionResnet/File2 83.png,,,,,,,/home/rushirajsinh/Downloads/AdversarialAttacks/FastAI-OneShot/MyGit/InceptionResnet/File2 83.png
/home/rushirajsinh/Downloads/AdversarialAttacks/FastAI-OneShot/MyGit/InceptionResnet/File2 42.png,,,,,,,/home/rushirajsinh/Downloads/AdversarialAttacks/FastAI-OneShot/MyGit/InceptionResnet/File2 42.png
/home/rushirajsinh/Downloads/AdversarialAttacks/FastAI-OneShot/MyGit/InceptionResnet/File2 36.png,,,,,,,/home/rushirajsinh/Downloads/AdversarialAttacks/FastAI-OneShot/MyGit/InceptionResnet/File2 36.png
/home/rushirajsinh/Downloads/AdversarialAttacks/FastAI-OneShot/MyGit/InceptionResnet/File2 63.png,,,,,,,/home/rushirajsinh/Downloads/AdversarialAttacks/FastAI-OneShot/MyGit/InceptionResnet/File2 63.png
/home/rushirajsinh/Downloads/AdversarialAttacks/FastAI-OneShot/MyGit/InceptionResnet/File2 43.png,,,,,,,/home/rushirajsinh/Downloads/AdversarialAttacks/FastAI-OneShot/MyGit/InceptionResnet/File2 43.png
/home/rushirajsinh/Downloads/AdversarialAttacks/FastAI-OneShot/MyGit/InceptionResnet/Jhanvi_100.png,,,,,,,/home/rushirajsinh/Downloads/AdversarialAttacks/FastAI-OneShot/MyGit/InceptionResnet/Jhanvi_100.png
/home/rushirajsinh/Downloads/AdversarialAttacks/FastAI-OneShot/MyGit/InceptionResnet/Jhanvi_75.png,,,,,,,/home/rushirajsinh/Downloads/AdversarialAttacks/FastAI-OneShot/MyGit/InceptionResnet/Jhanvi_75.png
/home/rushirajsinh/Downloads/AdversarialAttacks/FastAI-OneShot/MyGit/InceptionResnet/File2 104.png,,,,,,,/home/rushirajsinh/Downloads/AdversarialAttacks/FastAI-OneShot/MyGit/InceptionResnet/File2 104.png
/home/rushirajsinh/Downloads/AdversarialAttacks/FastAI-OneShot/MyGit/InceptionResnet/File2 34.png,,,,,,,/home/rushirajsinh/Downloads/AdversarialAttacks/FastAI-OneShot/MyGit/InceptionResnet/File2 34.png
/home/rushirajsinh/Downloads/AdversarialAttacks/FastAI-OneShot/MyGit/InceptionResnet/File2 93.png,,,,,,,/home/rushirajsinh/Downloads/AdversarialAttacks/FastAI-OneShot/MyGit/InceptionResnet/File2 93.png
/home/rushirajsinh/Downloads/AdversarialAttacks/FastAI-OneShot/MyGit/InceptionResnet/File2 54.png,,,,,,,/home/rushirajsinh/Downloads/AdversarialAttacks/FastAI-OneShot/MyGit/InceptionResnet/File2 54.png
/home/rushirajsinh/Downloads/AdversarialAttacks/FastAI-OneShot/MyGit/InceptionResnet/File2 40.png,,,,,,,/home/rushirajsinh/Downloads/AdversarialAttacks/FastAI-OneShot/MyGit/InceptionResnet/File2 40.png
/home/rushirajsinh/Downloads/AdversarialAttacks/FastAI-OneShot/MyGit/InceptionResnet/File2 44.png,,,,,,,/home/rushirajsinh/Downloads/AdversarialAttacks/FastAI-OneShot/MyGit/InceptionResnet/File2 44.png
/home/rushirajsinh/Downloads/AdversarialAttacks/FastAI-OneShot/MyGit/InceptionResnet/File2 95.png,,,,,,,/home/rushirajsinh/Downloads/AdversarialAttacks/FastAI-OneShot/MyGit/InceptionResnet/File2 95.png
/home/rushirajsinh/Downloads/AdversarialAttacks/FastAI-OneShot/MyGit/InceptionResnet/File2 39.png,,,,,,,/home/rushirajsinh/Downloads/AdversarialAttacks/FastAI-OneShot/MyGit/InceptionResnet/File2 39.png
/home/rushirajsinh/Downloads/AdversarialAttacks/FastAI-OneShot/MyGit/InceptionResnet/File2 73.png,,,,,,,/home/rushirajsinh/Downloads/AdversarialAttacks/FastAI-OneShot/MyGit/InceptionResnet/File2 73.png
/home/rushirajsinh/Downloads/AdversarialAttacks/FastAI-OneShot/MyGit/InceptionResnet/File2 87.png,,,,,,,/home/rushirajsinh/Downloads/AdversarialAttacks/FastAI-OneShot/MyGit/InceptionResnet/File2 87.png
/home/rushirajsinh/Downloads/AdversarialAttacks/FastAI-OneShot/MyGit/InceptionResnet/File2 60.png,,,,,,,/home/rushirajsinh/Downloads/AdversarialAttacks/FastAI-OneShot/MyGit/InceptionResnet/File2 60.png
/home/rushirajsinh/Downloads/AdversarialAttacks/FastAI-OneShot/MyGit/InceptionResnet/File2 61.png,,,,,,,/home/rushirajsinh/Downloads/AdversarialAttacks/FastAI-OneShot/MyGit/InceptionResnet/File2 61.png
/home/rushirajsinh/Downloads/AdversarialAttacks/FastAI-OneShot/MyGit/InceptionResnet/Jhanvi_80.png,,,,,,,/home/rushirajsinh/Downloads/AdversarialAttacks/FastAI-OneShot/MyGit/InceptionResnet/Jhanvi_80.png
/home/rushirajsinh/Downloads/AdversarialAttacks/FastAI-OneShot/MyGit/InceptionResnet/File2 48.png,,,,,,,/home/rushirajsinh/Downloads/AdversarialAttacks/FastAI-OneShot/MyGit/InceptionResnet/File2 48.png
/home/rushirajsinh/Downloads/AdversarialAttacks/FastAI-OneShot/MyGit/InceptionResnet/Jhanvi_90.png,,,,,,,/home/rushirajsinh/Downloads/AdversarialAttacks/FastAI-OneShot/MyGit/InceptionResnet/Jhanvi_90.png
/home/rushirajsinh/Downloads/AdversarialAttacks/FastAI-OneShot/MyGit/InceptionResnet/Jhanvi_45.png,,,,,,,/home/rushirajsinh/Downloads/AdversarialAttacks/FastAI-OneShot/MyGit/InceptionResnet/Jhanvi_45.png
/home/rushirajsinh/Downloads/AdversarialAttacks/FastAI-OneShot/MyGit/InceptionResnet/File2 72.png,,,,,,,/home/rushirajsinh/Downloads/AdversarialAttacks/FastAI-OneShot/MyGit/InceptionResnet/File2 72.png
/home/rushirajsinh/Downloads/AdversarialAttacks/FastAI-OneShot/MyGit/InceptionResnet/Jhanvi_50.png,,,,,,,/home/rushirajsinh/Downloads/AdversarialAttacks/FastAI-OneShot/MyGit/InceptionResnet/Jhanvi_50.png
/home/rushirajsinh/Downloads/AdversarialAttacks/FastAI-OneShot/MyGit/InceptionResnet/Jhanvi_35.png,,,,,,,/home/rushirajsinh/Downloads/AdversarialAttacks/FastAI-OneShot/MyGit/InceptionResnet/Jhanvi_35.png
/home/rushirajsinh/Downloads/AdversarialAttacks/FastAI-OneShot/MyGit/InceptionResnet/File2 53.png,,,,,,,/home/rushirajsinh/Downloads/AdversarialAttacks/FastAI-OneShot/MyGit/InceptionResnet/File2 53.png
/home/rushirajsinh/Downloads/AdversarialAttacks/FastAI-OneShot/MyGit/InceptionResnet/File2 52.png,,,,,,,/home/rushirajsinh/Downloads/AdversarialAttacks/FastAI-OneShot/MyGit/InceptionResnet/File2 52.png
/home/rushirajsinh/Downloads/AdversarialAttacks/FastAI-OneShot/MyGit/InceptionResnet/File2 106.png,,,,,,,/home/rushirajsinh/Downloads/AdversarialAttacks/FastAI-OneShot/MyGit/InceptionResnet/File2 106.png
/home/rushirajsinh/Downloads/AdversarialAttacks/FastAI-OneShot/MyGit/InceptionResnet/File2 89.png,,,,,,,/home/rushirajsinh/Downloads/AdversarialAttacks/FastAI-OneShot/MyGit/InceptionResnet/File2 89.png
/home/rushirajsinh/Downloads/AdversarialAttacks/FastAI-OneShot/MyGit/InceptionResnet/File2 51.png,,,,,,,/home/rushirajsinh/Downloads/AdversarialAttacks/FastAI-OneShot/MyGit/InceptionResnet/File2 51.png
/home/rushirajsinh/Downloads/AdversarialAttacks/FastAI-OneShot/MyGit/InceptionResnet/Rushirajsinh_940.png,,,,,,,/home/rushirajsinh/Downloads/AdversarialAttacks/FastAI-OneShot/MyGit/InceptionResnet/Rushirajsinh_940.png
/home/rushirajsinh/Downloads/AdversarialAttacks/FastAI-OneShot/MyGit/InceptionResnet/rFile5139.png,,,,,,,/home/rushirajsinh/Downloads/AdversarialAttacks/FastAI-OneShot/MyGit/InceptionResnet/rFile5139.png
/home/rushirajsinh/Downloads/AdversarialAttacks/FastAI-OneShot/MyGit/InceptionResnet/Rushirajsinh_935.png,,,,,,,/home/rushirajsinh/Downloads/AdversarialAttacks/FastAI-OneShot/MyGit/InceptionResnet/Rushirajsinh_935.png
/home/rushirajsinh/Downloads/AdversarialAttacks/FastAI-OneShot/MyGit/InceptionResnet/rFile5121.png,,,,,,,/home/rushirajsinh/Downloads/AdversarialAttacks/FastAI-OneShot/MyGit/InceptionResnet/rFile5121.png
/home/rushirajsinh/Downloads/AdversarialAttacks/FastAI-OneShot/MyGit/InceptionResnet/Rushirajsinh_1000.png,,,,,,,/home/rushirajsinh/Downloads/AdversarialAttacks/FastAI-OneShot/MyGit/InceptionResnet/Rushirajsinh_1000.png
/home/rushirajsinh/Downloads/AdversarialAttacks/FastAI-OneShot/MyGit/InceptionResnet/rFile595.png,,,,,,,/home/rushirajsinh/Downloads/AdversarialAttacks/FastAI-OneShot/MyGit/InceptionResnet/rFile595.png
/home/rushirajsinh/Downloads/AdversarialAttacks/FastAI-OneShot/MyGit/InceptionResnet/rFile582.png,,,,,,,/home/rushirajsinh/Downloads/AdversarialAttacks/FastAI-OneShot/MyGit/InceptionResnet/rFile582.png
/home/rushirajsinh/Downloads/AdversarialAttacks/FastAI-OneShot/MyGit/InceptionResnet/Rushiraj_100.png,,,,,,,/home/rushirajsinh/Downloads/AdversarialAttacks/FastAI-OneShot/MyGit/InceptionResnet/Rushiraj_100.png
/home/rushirajsinh/Downloads/AdversarialAttacks/FastAI-OneShot/MyGit/InceptionResnet/rFile5112.png,,,,,,,/home/rushirajsinh/Downloads/AdversarialAttacks/FastAI-OneShot/MyGit/InceptionResnet/rFile5112.png
/home/rushirajsinh/Downloads/AdversarialAttacks/FastAI-OneShot/MyGit/InceptionResnet/rFile5136.png,,,,,,,/home/rushirajsinh/Downloads/AdversarialAttacks/FastAI-OneShot/MyGit/InceptionResnet/rFile5136.png
/home/rushirajsinh/Downloads/AdversarialAttacks/FastAI-OneShot/MyGit/InceptionResnet/rFile590.png,,,,,,,/home/rushirajsinh/Downloads/AdversarialAttacks/FastAI-OneShot/MyGit/InceptionResnet/rFile590.png
/home/rushirajsinh/Downloads/AdversarialAttacks/FastAI-OneShot/MyGit/InceptionResnet/rFile5123.png,,,,,,,/home/rushirajsinh/Downloads/AdversarialAttacks/FastAI-OneShot/MyGit/InceptionResnet/rFile5123.png
/home/rushirajsinh/Downloads/AdversarialAttacks/FastAI-OneShot/MyGit/InceptionResnet/rFile584.png,,,,,,,/home/rushirajsinh/Downloads/AdversarialAttacks/FastAI-OneShot/MyGit/InceptionResnet/rFile584.png
/home/rushirajsinh/Downloads/AdversarialAttacks/FastAI-OneShot/MyGit/InceptionResnet/rFile5126.png,,,,,,,/home/rushirajsinh/Downloads/AdversarialAttacks/FastAI-OneShot/MyGit/InceptionResnet/rFile5126.png
/home/rushirajsinh/Downloads/AdversarialAttacks/FastAI-OneShot/MyGit/InceptionResnet/Rushirajsinh_985.png,,,,,,,/home/rushirajsinh/Downloads/AdversarialAttacks/FastAI-OneShot/MyGit/InceptionResnet/Rushirajsinh_985.png
/home/rushirajsinh/Downloads/AdversarialAttacks/FastAI-OneShot/MyGit/InceptionResnet/rFile5134.png,,,,,,,/home/rushirajsinh/Downloads/AdversarialAttacks/FastAI-OneShot/MyGit/InceptionResnet/rFile5134.png
/home/rushirajsinh/Downloads/AdversarialAttacks/FastAI-OneShot/MyGit/InceptionResnet/rFile5113.png,,,,,,,/home/rushirajsinh/Downloads/AdversarialAttacks/FastAI-OneShot/MyGit/InceptionResnet/rFile5113.png
/home/rushirajsinh/Downloads/AdversarialAttacks/FastAI-OneShot/MyGit/InceptionResnet/rFile5137.png,,,,,,,/home/rushirajsinh/Downloads/AdversarialAttacks/FastAI-OneShot/MyGit/InceptionResnet/rFile5137.png
/home/rushirajsinh/Downloads/AdversarialAttacks/FastAI-OneShot/MyGit/InceptionResnet/Rushirajsinh_975.png,,,,,,,/home/rushirajsinh/Downloads/AdversarialAttacks/FastAI-OneShot/MyGit/InceptionResnet/Rushirajsinh_975.png
/home/rushirajsinh/Downloads/AdversarialAttacks/FastAI-OneShot/MyGit/InceptionResnet/rFile5124.png,,,,,,,/home/rushirajsinh/Downloads/AdversarialAttacks/FastAI-OneShot/MyGit/InceptionResnet/rFile5124.png
/home/rushirajsinh/Downloads/AdversarialAttacks/FastAI-OneShot/MyGit/InceptionResnet/rFile583.png,,,,,,,/home/rushirajsinh/Downloads/AdversarialAttacks/FastAI-OneShot/MyGit/InceptionResnet/rFile583.png
/home/rushirajsinh/Downloads/AdversarialAttacks/FastAI-OneShot/MyGit/InceptionResnet/rFile5125.png,,,,,,,/home/rushirajsinh/Downloads/AdversarialAttacks/FastAI-OneShot/MyGit/InceptionResnet/rFile5125.png
/home/rushirajsinh/Downloads/AdversarialAttacks/FastAI-OneShot/MyGit/InceptionResnet/Rushirajsinh_955.png,,,,,,,/home/rushirajsinh/Downloads/AdversarialAttacks/FastAI-OneShot/MyGit/InceptionResnet/Rushirajsinh_955.png
/home/rushirajsinh/Downloads/AdversarialAttacks/FastAI-OneShot/MyGit/InceptionResnet/rFile5103.png,,,,,,,/home/rushirajsinh/Downloads/AdversarialAttacks/FastAI-OneShot/MyGit/InceptionResnet/rFile5103.png
/home/rushirajsinh/Downloads/AdversarialAttacks/FastAI-OneShot/MyGit/InceptionResnet/rFile585.png,,,,,,,/home/rushirajsinh/Downloads/AdversarialAttacks/FastAI-OneShot/MyGit/InceptionResnet/rFile585.png
/home/rushirajsinh/Downloads/AdversarialAttacks/FastAI-OneShot/MyGit/InceptionResnet/rFile5104.png,,,,,,,/home/rushirajsinh/Downloads/AdversarialAttacks/FastAI-OneShot/MyGit/InceptionResnet/rFile5104.png
/home/rushirajsinh/Downloads/AdversarialAttacks/FastAI-OneShot/MyGit/InceptionResnet/rFile5118.png,,,,,,,/home/rushirajsinh/Downloads/AdversarialAttacks/FastAI-OneShot/MyGit/InceptionResnet/rFile5118.png
/home/rushirajsinh/Downloads/AdversarialAttacks/FastAI-OneShot/MyGit/InceptionResnet/Rushirajsinh_960.png,,,,,,,/home/rushirajsinh/Downloads/AdversarialAttacks/FastAI-OneShot/MyGit/InceptionResnet/Rushirajsinh_960.png
/home/rushirajsinh/Downloads/AdversarialAttacks/FastAI-OneShot/MyGit/InceptionResnet/rFile5117.png,,,,,,,/home/rushirajsinh/Downloads/AdversarialAttacks/FastAI-OneShot/MyGit/InceptionResnet/rFile5117.png
/home/rushirajsinh/Downloads/AdversarialAttacks/FastAI-OneShot/MyGit/InceptionResnet/rFile5135.png,,,,,,,/home/rushirajsinh/Downloads/AdversarialAttacks/FastAI-OneShot/MyGit/InceptionResnet/rFile5135.png
/home/rushirajsinh/Downloads/AdversarialAttacks/FastAI-OneShot/MyGit/InceptionResnet/rFile5116.png,,,,,,,/home/rushirajsinh/Downloads/AdversarialAttacks/FastAI-OneShot/MyGit/InceptionResnet/rFile5116.png
/home/rushirajsinh/Downloads/AdversarialAttacks/FastAI-OneShot/MyGit/InceptionResnet/rFile599.png,,,,,,,/home/rushirajsinh/Downloads/AdversarialAttacks/FastAI-OneShot/MyGit/InceptionResnet/rFile599.png
/home/rushirajsinh/Downloads/AdversarialAttacks/FastAI-OneShot/MyGit/InceptionResnet/rFile5129.png,,,,,,,/home/rushirajsinh/Downloads/AdversarialAttacks/FastAI-OneShot/MyGit/InceptionResnet/rFile5129.png
/home/rushirajsinh/Downloads/AdversarialAttacks/FastAI-OneShot/MyGit/InceptionResnet/Rushirajsinh_965.png,,,,,,,/home/rushirajsinh/Downloads/AdversarialAttacks/FastAI-OneShot/MyGit/InceptionResnet/Rushirajsinh_965.png
/home/rushirajsinh/Downloads/AdversarialAttacks/FastAI-OneShot/MyGit/InceptionResnet/rFile594.png,,,,,,,/home/rushirajsinh/Downloads/AdversarialAttacks/FastAI-OneShot/MyGit/InceptionResnet/rFile594.png
/home/rushirajsinh/Downloads/AdversarialAttacks/FastAI-OneShot/MyGit/InceptionResnet/rFile5122.png,,,,,,,/home/rushirajsinh/Downloads/AdversarialAttacks/FastAI-OneShot/MyGit/InceptionResnet/rFile5122.png
/home/rushirajsinh/Downloads/AdversarialAttacks/FastAI-OneShot/MyGit/InceptionResnet/rFile5138.png,,,,,,,/home/rushirajsinh/Downloads/AdversarialAttacks/FastAI-OneShot/MyGit/InceptionResnet/rFile5138.png
/home/rushirajsinh/Downloads/AdversarialAttacks/FastAI-OneShot/MyGit/InceptionResnet/rFile592.png,,,,,,,/home/rushirajsinh/Downloads/AdversarialAttacks/FastAI-OneShot/MyGit/InceptionResnet/rFile592.png
/home/rushirajsinh/Downloads/AdversarialAttacks/FastAI-OneShot/MyGit/InceptionResnet/rFile5100.png,,,,,,,/home/rushirajsinh/Downloads/AdversarialAttacks/FastAI-OneShot/MyGit/InceptionResnet/rFile5100.png
/home/rushirajsinh/Downloads/AdversarialAttacks/FastAI-OneShot/MyGit/InceptionResnet/rFile5133.png,,,,,,,/home/rushirajsinh/Downloads/AdversarialAttacks/FastAI-OneShot/MyGit/InceptionResnet/rFile5133.png
/home/rushirajsinh/Downloads/AdversarialAttacks/FastAI-OneShot/MyGit/InceptionResnet/rFile596.png,,,,,,,/home/rushirajsinh/Downloads/AdversarialAttacks/FastAI-OneShot/MyGit/InceptionResnet/rFile596.png
/home/rushirajsinh/Downloads/AdversarialAttacks/FastAI-OneShot/MyGit/InceptionResnet/rFile5106.png,,,,,,,/home/rushirajsinh/Downloads/AdversarialAttacks/FastAI-OneShot/MyGit/InceptionResnet/rFile5106.png
/home/rushirajsinh/Downloads/AdversarialAttacks/FastAI-OneShot/MyGit/InceptionResnet/rFile593.png,,,,,,,/home/rushirajsinh/Downloads/AdversarialAttacks/FastAI-OneShot/MyGit/InceptionResnet/rFile593.png
/home/rushirajsinh/Downloads/AdversarialAttacks/FastAI-OneShot/MyGit/InceptionResnet/rFile5105.png,,,,,,,/home/rushirajsinh/Downloads/AdversarialAttacks/FastAI-OneShot/MyGit/InceptionResnet/rFile5105.png
/home/rushirajsinh/Downloads/AdversarialAttacks/FastAI-OneShot/MyGit/InceptionResnet/rFile5111.png,,,,,,,/home/rushirajsinh/Downloads/AdversarialAttacks/FastAI-OneShot/MyGit/InceptionResnet/rFile5111.png
/home/rushirajsinh/Downloads/AdversarialAttacks/FastAI-OneShot/MyGit/InceptionResnet/rFile5110.png,,,,,,,/home/rushirajsinh/Downloads/AdversarialAttacks/FastAI-OneShot/MyGit/InceptionResnet/rFile5110.png
/home/rushirajsinh/Downloads/AdversarialAttacks/FastAI-OneShot/MyGit/InceptionResnet/rFile5107.png,,,,,,,/home/rushirajsinh/Downloads/AdversarialAttacks/FastAI-OneShot/MyGit/InceptionResnet/rFile5107.png
/home/rushirajsinh/Downloads/AdversarialAttacks/FastAI-OneShot/MyGit/InceptionResnet/rFile591.png,,,,,,,/home/rushirajsinh/Downloads/AdversarialAttacks/FastAI-OneShot/MyGit/InceptionResnet/rFile591.png
/home/rushirajsinh/Downloads/AdversarialAttacks/FastAI-OneShot/MyGit/InceptionResnet/rFile5132.png,,,,,,,/home/rushirajsinh/Downloads/AdversarialAttacks/FastAI-OneShot/MyGit/InceptionResnet/rFile5132.png
/home/rushirajsinh/Downloads/AdversarialAttacks/FastAI-OneShot/MyGit/InceptionResnet/File3158.png,,,,,,,/home/rushirajsinh/Downloads/AdversarialAttacks/FastAI-OneShot/MyGit/InceptionResnet/File3158.png
/home/rushirajsinh/Downloads/AdversarialAttacks/FastAI-OneShot/MyGit/InceptionResnet/File3138.png,,,,,,,/home/rushirajsinh/Downloads/AdversarialAttacks/FastAI-OneShot/MyGit/InceptionResnet/File3138.png
/home/rushirajsinh/Downloads/AdversarialAttacks/FastAI-OneShot/MyGit/InceptionResnet/Ishan_10.png,,,,,,,/home/rushirajsinh/Downloads/AdversarialAttacks/FastAI-OneShot/MyGit/InceptionResnet/Ishan_10.png
/home/rushirajsinh/Downloads/AdversarialAttacks/FastAI-OneShot/MyGit/InceptionResnet/Ishan_35.png,,,,,,,/home/rushirajsinh/Downloads/AdversarialAttacks/FastAI-OneShot/MyGit/InceptionResnet/Ishan_35.png
/home/rushirajsinh/Downloads/AdversarialAttacks/FastAI-OneShot/MyGit/InceptionResnet/Ishan_15.png,,,,,,,/home/rushirajsinh/Downloads/AdversarialAttacks/FastAI-OneShot/MyGit/InceptionResnet/Ishan_15.png
/home/rushirajsinh/Downloads/AdversarialAttacks/FastAI-OneShot/MyGit/InceptionResnet/File3156.png,,,,,,,/home/rushirajsinh/Downloads/AdversarialAttacks/FastAI-OneShot/MyGit/InceptionResnet/File3156.png
/home/rushirajsinh/Downloads/AdversarialAttacks/FastAI-OneShot/MyGit/InceptionResnet/File3137.png,,,,,,,/home/rushirajsinh/Downloads/AdversarialAttacks/FastAI-OneShot/MyGit/InceptionResnet/File3137.png
/home/rushirajsinh/Downloads/AdversarialAttacks/FastAI-OneShot/MyGit/InceptionResnet/File3133.png,,,,,,,/home/rushirajsinh/Downloads/AdversarialAttacks/FastAI-OneShot/MyGit/InceptionResnet/File3133.png
/home/rushirajsinh/Downloads/AdversarialAttacks/FastAI-OneShot/MyGit/InceptionResnet/File3144.png,,,,,,,/home/rushirajsinh/Downloads/AdversarialAttacks/FastAI-OneShot/MyGit/InceptionResnet/File3144.png
/home/rushirajsinh/Downloads/AdversarialAttacks/FastAI-OneShot/MyGit/InceptionResnet/File3105.png,,,,,,,/home/rushirajsinh/Downloads/AdversarialAttacks/FastAI-OneShot/MyGit/InceptionResnet/File3105.png
/home/rushirajsinh/Downloads/AdversarialAttacks/FastAI-OneShot/MyGit/InceptionResnet/Ishan_65.png,,,,,,,/home/rushirajsinh/Downloads/AdversarialAttacks/FastAI-OneShot/MyGit/InceptionResnet/Ishan_65.png
/home/rushirajsinh/Downloads/AdversarialAttacks/FastAI-OneShot/MyGit/InceptionResnet/File3149.png,,,,,,,/home/rushirajsinh/Downloads/AdversarialAttacks/FastAI-OneShot/MyGit/InceptionResnet/File3149.png
/home/rushirajsinh/Downloads/AdversarialAttacks/FastAI-OneShot/MyGit/InceptionResnet/Ishan_60.png,,,,,,,/home/rushirajsinh/Downloads/AdversarialAttacks/FastAI-OneShot/MyGit/InceptionResnet/Ishan_60.png
/home/rushirajsinh/Downloads/AdversarialAttacks/FastAI-OneShot/MyGit/InceptionResnet/File3112.png,,,,,,,/home/rushirajsinh/Downloads/AdversarialAttacks/FastAI-OneShot/MyGit/InceptionResnet/File3112.png
/home/rushirajsinh/Downloads/AdversarialAttacks/FastAI-OneShot/MyGit/InceptionResnet/Ishan_50.png,,,,,,,/home/rushirajsinh/Downloads/AdversarialAttacks/FastAI-OneShot/MyGit/InceptionResnet/Ishan_50.png
/home/rushirajsinh/Downloads/AdversarialAttacks/FastAI-OneShot/MyGit/InceptionResnet/Ishan_55.png,,,,,,,/home/rushirajsinh/Downloads/AdversarialAttacks/FastAI-OneShot/MyGit/InceptionResnet/Ishan_55.png
/home/rushirajsinh/Downloads/AdversarialAttacks/FastAI-OneShot/MyGit/InceptionResnet/File3115.png,,,,,,,/home/rushirajsinh/Downloads/AdversarialAttacks/FastAI-OneShot/MyGit/InceptionResnet/File3115.png
/home/rushirajsinh/Downloads/AdversarialAttacks/FastAI-OneShot/MyGit/InceptionResnet/File3123.png,,,,,,,/home/rushirajsinh/Downloads/AdversarialAttacks/FastAI-OneShot/MyGit/InceptionResnet/File3123.png
/home/rushirajsinh/Downloads/AdversarialAttacks/FastAI-OneShot/MyGit/InceptionResnet/Ishan_5.png,,,,,,,/home/rushirajsinh/Downloads/AdversarialAttacks/FastAI-OneShot/MyGit/InceptionResnet/Ishan_5.png
/home/rushirajsinh/Downloads/AdversarialAttacks/FastAI-OneShot/MyGit/InceptionResnet/File3125.png,,,,,,,/home/rushirajsinh/Downloads/AdversarialAttacks/FastAI-OneShot/MyGit/InceptionResnet/File3125.png
/home/rushirajsinh/Downloads/AdversarialAttacks/FastAI-OneShot/MyGit/InceptionResnet/File3134.png,,,,,,,/home/rushirajsinh/Downloads/AdversarialAttacks/FastAI-OneShot/MyGit/InceptionResnet/File3134.png
/home/rushirajsinh/Downloads/AdversarialAttacks/FastAI-OneShot/MyGit/InceptionResnet/Ishan_70.png,,,,,,,/home/rushirajsinh/Downloads/AdversarialAttacks/FastAI-OneShot/MyGit/InceptionResnet/Ishan_70.png
/home/rushirajsinh/Downloads/AdversarialAttacks/FastAI-OneShot/MyGit/InceptionResnet/File3148.png,,,,,,,/home/rushirajsinh/Downloads/AdversarialAttacks/FastAI-OneShot/MyGit/InceptionResnet/File3148.png
/home/rushirajsinh/Downloads/AdversarialAttacks/FastAI-OneShot/MyGit/InceptionResnet/Ishan_45.png,,,,,,,/home/rushirajsinh/Downloads/AdversarialAttacks/FastAI-OneShot/MyGit/InceptionResnet/Ishan_45.png
/home/rushirajsinh/Downloads/AdversarialAttacks/FastAI-OneShot/MyGit/InceptionResnet/File3117.png,,,,,,,/home/rushirajsinh/Downloads/AdversarialAttacks/FastAI-OneShot/MyGit/InceptionResnet/File3117.png
/home/rushirajsinh/Downloads/AdversarialAttacks/FastAI-OneShot/MyGit/InceptionResnet/File3136.png,,,,,,,/home/rushirajsinh/Downloads/AdversarialAttacks/FastAI-OneShot/MyGit/InceptionResnet/File3136.png
/home/rushirajsinh/Downloads/AdversarialAttacks/FastAI-OneShot/MyGit/InceptionResnet/File3147.png,,,,,,,/home/rushirajsinh/Downloads/AdversarialAttacks/FastAI-OneShot/MyGit/InceptionResnet/File3147.png
/home/rushirajsinh/Downloads/AdversarialAttacks/FastAI-OneShot/MyGit/InceptionResnet/File3126.png,,,,,,,/home/rushirajsinh/Downloads/AdversarialAttacks/FastAI-OneShot/MyGit/InceptionResnet/File3126.png
/home/rushirajsinh/Downloads/AdversarialAttacks/FastAI-OneShot/MyGit/InceptionResnet/File3124.png,,,,,,,/home/rushirajsinh/Downloads/AdversarialAttacks/FastAI-OneShot/MyGit/InceptionResnet/File3124.png
/home/rushirajsinh/Downloads/AdversarialAttacks/FastAI-OneShot/MyGit/InceptionResnet/File3132.png,,,,,,,/home/rushirajsinh/Downloads/AdversarialAttacks/FastAI-OneShot/MyGit/InceptionResnet/File3132.png
/home/rushirajsinh/Downloads/AdversarialAttacks/FastAI-OneShot/MyGit/InceptionResnet/Ishan_95.png,,,,,,,/home/rushirajsinh/Downloads/AdversarialAttacks/FastAI-OneShot/MyGit/InceptionResnet/Ishan_95.png
/home/rushirajsinh/Downloads/AdversarialAttacks/FastAI-OneShot/MyGit/InceptionResnet/File3143.png,,,,,,,/home/rushirajsinh/Downloads/AdversarialAttacks/FastAI-OneShot/MyGit/InceptionResnet/File3143.png
/home/rushirajsinh/Downloads/AdversarialAttacks/FastAI-OneShot/MyGit/InceptionResnet/File3111.png,,,,,,,/home/rushirajsinh/Downloads/AdversarialAttacks/FastAI-OneShot/MyGit/InceptionResnet/File3111.png
/home/rushirajsinh/Downloads/AdversarialAttacks/FastAI-OneShot/MyGit/InceptionResnet/File3154.png,,,,,,,/home/rushirajsinh/Downloads/AdversarialAttacks/FastAI-OneShot/MyGit/InceptionResnet/File3154.png
/home/rushirajsinh/Downloads/AdversarialAttacks/FastAI-OneShot/MyGit/InceptionResnet/File3110.png,,,,,,,/home/rushirajsinh/Downloads/AdversarialAttacks/FastAI-OneShot/MyGit/InceptionResnet/File3110.png
/home/rushirajsinh/Downloads/AdversarialAttacks/FastAI-OneShot/MyGit/InceptionResnet/File3121.png,,,,,,,/home/rushirajsinh/Downloads/AdversarialAttacks/FastAI-OneShot/MyGit/InceptionResnet/File3121.png
/home/rushirajsinh/Downloads/AdversarialAttacks/FastAI-OneShot/MyGit/InceptionResnet/Ishan_100.png,,,,,,,/home/rushirajsinh/Downloads/AdversarialAttacks/FastAI-OneShot/MyGit/InceptionResnet/Ishan_100.png
/home/rushirajsinh/Downloads/AdversarialAttacks/FastAI-OneShot/MyGit/InceptionResnet/Ishan_40.png,,,,,,,/home/rushirajsinh/Downloads/AdversarialAttacks/FastAI-OneShot/MyGit/InceptionResnet/Ishan_40.png
/home/rushirajsinh/Downloads/AdversarialAttacks/FastAI-OneShot/MyGit/InceptionResnet/File3139.png,,,,,,,/home/rushirajsinh/Downloads/AdversarialAttacks/FastAI-OneShot/MyGit/InceptionResnet/File3139.png
/home/rushirajsinh/Downloads/AdversarialAttacks/FastAI-OneShot/MyGit/InceptionResnet/File3155.png,,,,,,,/home/rushirajsinh/Downloads/AdversarialAttacks/FastAI-OneShot/MyGit/InceptionResnet/File3155.png
/home/rushirajsinh/Downloads/AdversarialAttacks/FastAI-OneShot/MyGit/InceptionResnet/Ishan_90.png,,,,,,,/home/rushirajsinh/Downloads/AdversarialAttacks/FastAI-OneShot/MyGit/InceptionResnet/Ishan_90.png
/home/rushirajsinh/Downloads/AdversarialAttacks/FastAI-OneShot/MyGit/InceptionResnet/File3103.png,,,,,,,/home/rushirajsinh/Downloads/AdversarialAttacks/FastAI-OneShot/MyGit/InceptionResnet/File3103.png
/home/rushirajsinh/Downloads/AdversarialAttacks/FastAI-OneShot/MyGit/InceptionResnet/File3104.png,,,,,,,/home/rushirajsinh/Downloads/AdversarialAttacks/FastAI-OneShot/MyGit/InceptionResnet/File3104.png
/home/rushirajsinh/Downloads/AdversarialAttacks/FastAI-OneShot/MyGit/InceptionResnet/File3128.png,,,,,,,/home/rushirajsinh/Downloads/AdversarialAttacks/FastAI-OneShot/MyGit/InceptionResnet/File3128.png
/home/rushirajsinh/Downloads/AdversarialAttacks/FastAI-OneShot/MyGit/InceptionResnet/File3150.png,,,,,,,/home/rushirajsinh/Downloads/AdversarialAttacks/FastAI-OneShot/MyGit/InceptionResnet/File3150.png
/home/rushirajsinh/Downloads/AdversarialAttacks/FastAI-OneShot/MyGit/InceptionResnet/File3146.png,,,,,,,/home/rushirajsinh/Downloads/AdversarialAttacks/FastAI-OneShot/MyGit/InceptionResnet/File3146.png
/home/rushirajsinh/Downloads/AdversarialAttacks/FastAI-OneShot/MyGit/InceptionResnet/File3127.png,,,,,,,/home/rushirajsinh/Downloads/AdversarialAttacks/FastAI-OneShot/MyGit/InceptionResnet/File3127.png
/home/rushirajsinh/Downloads/AdversarialAttacks/FastAI-OneShot/MyGit/InceptionResnet/File3135.png,,,,,,,/home/rushirajsinh/Downloads/AdversarialAttacks/FastAI-OneShot/MyGit/InceptionResnet/File3135.png
/home/rushirajsinh/Downloads/AdversarialAttacks/FastAI-OneShot/MyGit/InceptionResnet/File3122.png,,,,,,,/home/rushirajsinh/Downloads/AdversarialAttacks/FastAI-OneShot/MyGit/InceptionResnet/File3122.png
/home/rushirajsinh/Downloads/AdversarialAttacks/FastAI-OneShot/MyGit/InceptionResnet/File3116.png,,,,,,,/home/rushirajsinh/Downloads/AdversarialAttacks/FastAI-OneShot/MyGit/InceptionResnet/File3116.png
/home/rushirajsinh/Downloads/AdversarialAttacks/FastAI-OneShot/MyGit/InceptionResnet/File3157.png,,,,,,,/home/rushirajsinh/Downloads/AdversarialAttacks/FastAI-OneShot/MyGit/InceptionResnet/File3157.png
/home/rushirajsinh/Downloads/AdversarialAttacks/FastAI-OneShot/MyGit/InceptionResnet/File3113.png,,,,,,,/home/rushirajsinh/Downloads/AdversarialAttacks/FastAI-OneShot/MyGit/InceptionResnet/File3113.png
/home/rushirajsinh/Downloads/AdversarialAttacks/FastAI-OneShot/MyGit/InceptionResnet/File3106.png,,,,,,,/home/rushirajsinh/Downloads/AdversarialAttacks/FastAI-OneShot/MyGit/InceptionResnet/File3106.png
/home/rushirajsinh/Downloads/AdversarialAttacks/FastAI-OneShot/MyGit/InceptionResnet/File3114.png,,,,,,,/home/rushirajsinh/Downloads/AdversarialAttacks/FastAI-OneShot/MyGit/InceptionResnet/File3114.png
/home/rushirajsinh/Downloads/AdversarialAttacks/FastAI-OneShot/MyGit/InceptionResnet/File3145.png,,,,,,,/home/rushirajsinh/Downloads/AdversarialAttacks/FastAI-OneShot/MyGit/InceptionResnet/File3145.png
/home/rushirajsinh/Downloads/AdversarialAttacks/FastAI-OneShot/MyGit/InceptionResnet/File 141.png,,,,,,,/home/rushirajsinh/Downloads/AdversarialAttacks/FastAI-OneShot/MyGit/InceptionResnet/File 141.png
/home/rushirajsinh/Downloads/AdversarialAttacks/FastAI-OneShot/MyGit/InceptionResnet/File 148.png,,,,,,,/home/rushirajsinh/Downloads/AdversarialAttacks/FastAI-OneShot/MyGit/InceptionResnet/File 148.png
/home/rushirajsinh/Downloads/AdversarialAttacks/FastAI-OneShot/MyGit/InceptionResnet/File 154.png,,,,,,,/home/rushirajsinh/Downloads/AdversarialAttacks/FastAI-OneShot/MyGit/InceptionResnet/File 154.png
/home/rushirajsinh/Downloads/AdversarialAttacks/FastAI-OneShot/MyGit/InceptionResnet/File 140.png,,,,,,,/home/rushirajsinh/Downloads/AdversarialAttacks/FastAI-OneShot/MyGit/InceptionResnet/File 140.png
/home/rushirajsinh/Downloads/AdversarialAttacks/FastAI-OneShot/MyGit/InceptionResnet/Tirthraj_235.png,,,,,,,/home/rushirajsinh/Downloads/AdversarialAttacks/FastAI-OneShot/MyGit/InceptionResnet/Tirthraj_235.png
/home/rushirajsinh/Downloads/AdversarialAttacks/FastAI-OneShot/MyGit/InceptionResnet/File 227.png,,,,,,,/home/rushirajsinh/Downloads/AdversarialAttacks/FastAI-OneShot/MyGit/InceptionResnet/File 227.png
/home/rushirajsinh/Downloads/AdversarialAttacks/FastAI-OneShot/MyGit/InceptionResnet/File 136.png,,,,,,,/home/rushirajsinh/Downloads/AdversarialAttacks/FastAI-OneShot/MyGit/InceptionResnet/File 136.png
/home/rushirajsinh/Downloads/AdversarialAttacks/FastAI-OneShot/MyGit/InceptionResnet/File 117.png,,,,,,,/home/rushirajsinh/Downloads/AdversarialAttacks/FastAI-OneShot/MyGit/InceptionResnet/File 117.png
/home/rushirajsinh/Downloads/AdversarialAttacks/FastAI-OneShot/MyGit/InceptionResnet/File 143.png,,,,,,,/home/rushirajsinh/Downloads/AdversarialAttacks/FastAI-OneShot/MyGit/InceptionResnet/File 143.png
/home/rushirajsinh/Downloads/AdversarialAttacks/FastAI-OneShot/MyGit/InceptionResnet/Tirthraj_270.png,,,,,,,/home/rushirajsinh/Downloads/AdversarialAttacks/FastAI-OneShot/MyGit/InceptionResnet/Tirthraj_270.png
/home/rushirajsinh/Downloads/AdversarialAttacks/FastAI-OneShot/MyGit/InceptionResnet/File 162.png,,,,,,,/home/rushirajsinh/Downloads/AdversarialAttacks/FastAI-OneShot/MyGit/InceptionResnet/File 162.png
/home/rushirajsinh/Downloads/AdversarialAttacks/FastAI-OneShot/MyGit/InceptionResnet/Tirthraj_280.png,,,,,,,/home/rushirajsinh/Downloads/AdversarialAttacks/FastAI-OneShot/MyGit/InceptionResnet/Tirthraj_280.png
/home/rushirajsinh/Downloads/AdversarialAttacks/FastAI-OneShot/MyGit/InceptionResnet/File 147.png,,,,,,,/home/rushirajsinh/Downloads/AdversarialAttacks/FastAI-OneShot/MyGit/InceptionResnet/File 147.png
/home/rushirajsinh/Downloads/AdversarialAttacks/FastAI-OneShot/MyGit/InceptionResnet/File 228.png,,,,,,,/home/rushirajsinh/Downloads/AdversarialAttacks/FastAI-OneShot/MyGit/InceptionResnet/File 228.png
/home/rushirajsinh/Downloads/AdversarialAttacks/FastAI-OneShot/MyGit/InceptionResnet/File 152.png,,,,,,,/home/rushirajsinh/Downloads/AdversarialAttacks/FastAI-OneShot/MyGit/InceptionResnet/File 152.png
/home/rushirajsinh/Downloads/AdversarialAttacks/FastAI-OneShot/MyGit/InceptionResnet/File 151.png,,,,,,,/home/rushirajsinh/Downloads/AdversarialAttacks/FastAI-OneShot/MyGit/InceptionResnet/File 151.png
/home/rushirajsinh/Downloads/AdversarialAttacks/FastAI-OneShot/MyGit/InceptionResnet/File 153.png,,,,,,,/home/rushirajsinh/Downloads/AdversarialAttacks/FastAI-OneShot/MyGit/InceptionResnet/File 153.png
/home/rushirajsinh/Downloads/AdversarialAttacks/FastAI-OneShot/MyGit/InceptionResnet/Tirthraj_225.png,,,,,,,/home/rushirajsinh/Downloads/AdversarialAttacks/FastAI-OneShot/MyGit/InceptionResnet/Tirthraj_225.png
/home/rushirajsinh/Downloads/AdversarialAttacks/FastAI-OneShot/MyGit/InceptionResnet/Tirthraj_240.png,,,,,,,/home/rushirajsinh/Downloads/AdversarialAttacks/FastAI-OneShot/MyGit/InceptionResnet/Tirthraj_240.png
/home/rushirajsinh/Downloads/AdversarialAttacks/FastAI-OneShot/MyGit/InceptionResnet/Tirthraj_290.png,,,,,,,/home/rushirajsinh/Downloads/AdversarialAttacks/FastAI-OneShot/MyGit/InceptionResnet/Tirthraj_290.png
/home/rushirajsinh/Downloads/AdversarialAttacks/FastAI-OneShot/MyGit/InceptionResnet/File 224.png,,,,,,,/home/rushirajsinh/Downloads/AdversarialAttacks/FastAI-OneShot/MyGit/InceptionResnet/File 224.png
/home/rushirajsinh/Downloads/AdversarialAttacks/FastAI-OneShot/MyGit/InceptionResnet/File 171.png,,,,,,,/home/rushirajsinh/Downloads/AdversarialAttacks/FastAI-OneShot/MyGit/InceptionResnet/File 171.png
/home/rushirajsinh/Downloads/AdversarialAttacks/FastAI-OneShot/MyGit/InceptionResnet/Tirthraj_295.png,,,,,,,/home/rushirajsinh/Downloads/AdversarialAttacks/FastAI-OneShot/MyGit/InceptionResnet/Tirthraj_295.png
/home/rushirajsinh/Downloads/AdversarialAttacks/FastAI-OneShot/MyGit/InceptionResnet/File 158.png,,,,,,,/home/rushirajsinh/Downloads/AdversarialAttacks/FastAI-OneShot/MyGit/InceptionResnet/File 158.png
/home/rushirajsinh/Downloads/AdversarialAttacks/FastAI-OneShot/MyGit/InceptionResnet/File 169.png,,,,,,,/home/rushirajsinh/Downloads/AdversarialAttacks/FastAI-OneShot/MyGit/InceptionResnet/File 169.png
/home/rushirajsinh/Downloads/AdversarialAttacks/FastAI-OneShot/MyGit/InceptionResnet/Tirthraj_275.png,,,,,,,/home/rushirajsinh/Downloads/AdversarialAttacks/FastAI-OneShot/MyGit/InceptionResnet/Tirthraj_275.png
/home/rushirajsinh/Downloads/AdversarialAttacks/FastAI-OneShot/MyGit/InceptionResnet/Tirthraj_260.png,,,,,,,/home/rushirajsinh/Downloads/AdversarialAttacks/FastAI-OneShot/MyGit/InceptionResnet/Tirthraj_260.png
/home/rushirajsinh/Downloads/AdversarialAttacks/FastAI-OneShot/MyGit/InceptionResnet/File 178.png,,,,,,,/home/rushirajsinh/Downloads/AdversarialAttacks/FastAI-OneShot/MyGit/InceptionResnet/File 178.png
/home/rushirajsinh/Downloads/AdversarialAttacks/FastAI-OneShot/MyGit/InceptionResnet/File 149.png,,,,,,,/home/rushirajsinh/Downloads/AdversarialAttacks/FastAI-OneShot/MyGit/InceptionResnet/File 149.png
/home/rushirajsinh/Downloads/AdversarialAttacks/FastAI-OneShot/MyGit/InceptionResnet/File 139.png,,,,,,,/home/rushirajsinh/Downloads/AdversarialAttacks/FastAI-OneShot/MyGit/InceptionResnet/File 139.png
/home/rushirajsinh/Downloads/AdversarialAttacks/FastAI-OneShot/MyGit/InceptionResnet/Tirthraj_300.png,,,,,,,/home/rushirajsinh/Downloads/AdversarialAttacks/FastAI-OneShot/MyGit/InceptionResnet/Tirthraj_300.png
/home/rushirajsinh/Downloads/AdversarialAttacks/FastAI-OneShot/MyGit/InceptionResnet/File 161.png,,,,,,,/home/rushirajsinh/Downloads/AdversarialAttacks/FastAI-OneShot/MyGit/InceptionResnet/File 161.png
/home/rushirajsinh/Downloads/AdversarialAttacks/FastAI-OneShot/MyGit/InceptionResnet/File 107.png,,,,,,,/home/rushirajsinh/Downloads/AdversarialAttacks/FastAI-OneShot/MyGit/InceptionResnet/File 107.png
/home/rushirajsinh/Downloads/AdversarialAttacks/FastAI-OneShot/MyGit/InceptionResnet/File 222.png,,,,,,,/home/rushirajsinh/Downloads/AdversarialAttacks/FastAI-OneShot/MyGit/InceptionResnet/File 222.png
/home/rushirajsinh/Downloads/AdversarialAttacks/FastAI-OneShot/MyGit/InceptionResnet/File 230.png,,,,,,,/home/rushirajsinh/Downloads/AdversarialAttacks/FastAI-OneShot/MyGit/InceptionResnet/File 230.png
/home/rushirajsinh/Downloads/AdversarialAttacks/FastAI-OneShot/MyGit/InceptionResnet/File 135.png,,,,,,,/home/rushirajsinh/Downloads/AdversarialAttacks/FastAI-OneShot/MyGit/InceptionResnet/File 135.png
/home/rushirajsinh/Downloads/AdversarialAttacks/FastAI-OneShot/MyGit/InceptionResnet/File 157.png,,,,,,,/home/rushirajsinh/Downloads/AdversarialAttacks/FastAI-OneShot/MyGit/InceptionResnet/File 157.png
/home/rushirajsinh/Downloads/AdversarialAttacks/FastAI-OneShot/MyGit/InceptionResnet/File 180.png,,,,,,,/home/rushirajsinh/Downloads/AdversarialAttacks/FastAI-OneShot/MyGit/InceptionResnet/File 180.png
/home/rushirajsinh/Downloads/AdversarialAttacks/FastAI-OneShot/MyGit/InceptionResnet/Tirthraj_230.png,,,,,,,/home/rushirajsinh/Downloads/AdversarialAttacks/FastAI-OneShot/MyGit/InceptionResnet/Tirthraj_230.png
/home/rushirajsinh/Downloads/AdversarialAttacks/FastAI-OneShot/MyGit/InceptionResnet/File 170.png,,,,,,,/home/rushirajsinh/Downloads/AdversarialAttacks/FastAI-OneShot/MyGit/InceptionResnet/File 170.png
/home/rushirajsinh/Downloads/AdversarialAttacks/FastAI-OneShot/MyGit/InceptionResnet/File 164.png,,,,,,,/home/rushirajsinh/Downloads/AdversarialAttacks/FastAI-OneShot/MyGit/InceptionResnet/File 164.png
/home/rushirajsinh/Downloads/AdversarialAttacks/FastAI-OneShot/MyGit/InceptionResnet/File 160.png,,,,,,,/home/rushirajsinh/Downloads/AdversarialAttacks/FastAI-OneShot/MyGit/InceptionResnet/File 160.png
/home/rushirajsinh/Downloads/AdversarialAttacks/FastAI-OneShot/MyGit/InceptionResnet/File 138.png,,,,,,,/home/rushirajsinh/Downloads/AdversarialAttacks/FastAI-OneShot/MyGit/InceptionResnet/File 138.png
/home/rushirajsinh/Downloads/AdversarialAttacks/FastAI-OneShot/MyGit/InceptionResnet/File 150.png,,,,,,,/home/rushirajsinh/Downloads/AdversarialAttacks/FastAI-OneShot/MyGit/InceptionResnet/File 150.png
/home/rushirajsinh/Downloads/AdversarialAttacks/FastAI-OneShot/MyGit/InceptionResnet/File 168.png,,,,,,,/home/rushirajsinh/Downloads/AdversarialAttacks/FastAI-OneShot/MyGit/InceptionResnet/File 168.png
/home/rushirajsinh/Downloads/AdversarialAttacks/FastAI-OneShot/MyGit/InceptionResnet/Tirthraj_245.png,,,,,,,/home/rushirajsinh/Downloads/AdversarialAttacks/FastAI-OneShot/MyGit/InceptionResnet/Tirthraj_245.png
/home/rushirajsinh/Downloads/AdversarialAttacks/FastAI-OneShot/MyGit/InceptionResnet/Tirthraj_220.png,,,,,,,/home/rushirajsinh/Downloads/AdversarialAttacks/FastAI-OneShot/MyGit/InceptionResnet/Tirthraj_220.png
/home/rushirajsinh/Downloads/AdversarialAttacks/FastAI-OneShot/MyGit/InceptionResnet/File 137.png,,,,,,,/home/rushirajsinh/Downloads/AdversarialAttacks/FastAI-OneShot/MyGit/InceptionResnet/File 137.png
/home/rushirajsinh/Downloads/AdversarialAttacks/FastAI-OneShot/MyGit/InceptionResnet/File 163.png,,,,,,,/home/rushirajsinh/Downloads/AdversarialAttacks/FastAI-OneShot/MyGit/InceptionResnet/File 163.png
/home/rushirajsinh/Downloads/AdversarialAttacks/FastAI-OneShot/MyGit/InceptionResnet/Tirthraj_285.png,,,,,,,/home/rushirajsinh/Downloads/AdversarialAttacks/FastAI-OneShot/MyGit/InceptionResnet/Tirthraj_285.png
/home/rushirajsinh/Downloads/AdversarialAttacks/FastAI-OneShot/MyGit/InceptionResnet/Tirthraj_265.png,,,,,,,/home/rushirajsinh/Downloads/AdversarialAttacks/FastAI-OneShot/MyGit/InceptionResnet/Tirthraj_265.png
/home/rushirajsinh/Downloads/AdversarialAttacks/FastAI-OneShot/MyGit/InceptionResnet/File 159.png,,,,,,,/home/rushirajsinh/Downloads/AdversarialAttacks/FastAI-OneShot/MyGit/InceptionResnet/File 159.png
/home/rushirajsinh/Downloads/AdversarialAttacks/FastAI-OneShot/MyGit/InceptionResnet/File 223.png,,,,,,,/home/rushirajsinh/Downloads/AdversarialAttacks/FastAI-OneShot/MyGit/InceptionResnet/File 223.png
/home/rushirajsinh/Downloads/AdversarialAttacks/FastAI-OneShot/MyGit/InceptionResnet/File 165.png,,,,,,,/home/rushirajsinh/Downloads/AdversarialAttacks/FastAI-OneShot/MyGit/InceptionResnet/File 165.png
/home/rushirajsinh/Downloads/AdversarialAttacks/FastAI-OneShot/MyGit/InceptionResnet/File 130.png,,,,,,,/home/rushirajsinh/Downloads/AdversarialAttacks/FastAI-OneShot/MyGit/InceptionResnet/File 130.png
/home/rushirajsinh/Downloads/AdversarialAttacks/FastAI-OneShot/MyGit/InceptionResnet/File 142.png,,,,,,,/home/rushirajsinh/Downloads/AdversarialAttacks/FastAI-OneShot/MyGit/InceptionResnet/File 142.png
/home/rushirajsinh/Downloads/AdversarialAttacks/FastAI-OneShot/MyGit/InceptionResnet/File 146.png,,,,,,,/home/rushirajsinh/Downloads/AdversarialAttacks/FastAI-OneShot/MyGit/InceptionResnet/File 146.png
/home/rushirajsinh/Downloads/AdversarialAttacks/FastAI-OneShot/MyGit/InceptionResnet/File 132.png,,,,,,,/home/rushirajsinh/Downloads/AdversarialAttacks/FastAI-OneShot/MyGit/InceptionResnet/File 132.png
/home/rushirajsinh/Downloads/AdversarialAttacks/FastAI-OneShot/MyGit/InceptionResnet/Tirthraj_315.png,,,,,,,/home/rushirajsinh/Downloads/AdversarialAttacks/FastAI-OneShot/MyGit/InceptionResnet/Tirthraj_315.png
/home/rushirajsinh/Downloads/AdversarialAttacks/FastAI-OneShot/MyGit/InceptionResnet/50.png,,,,,,,/home/rushirajsinh/Downloads/AdversarialAttacks/FastAI-OneShot/MyGit/InceptionResnet/50.png
/home/rushirajsinh/Downloads/AdversarialAttacks/FastAI-OneShot/MyGit/InceptionResnet/73.png,,,,,,,/home/rushirajsinh/Downloads/AdversarialAttacks/FastAI-OneShot/MyGit/InceptionResnet/73.png
/home/rushirajsinh/Downloads/AdversarialAttacks/FastAI-OneShot/MyGit/InceptionResnet/77.png,,,,,,,/home/rushirajsinh/Downloads/AdversarialAttacks/FastAI-OneShot/MyGit/InceptionResnet/77.png
/home/rushirajsinh/Downloads/AdversarialAttacks/FastAI-OneShot/MyGit/InceptionResnet/49.png,,,,,,,/home/rushirajsinh/Downloads/AdversarialAttacks/FastAI-OneShot/MyGit/InceptionResnet/49.png
/home/rushirajsinh/Downloads/AdversarialAttacks/FastAI-OneShot/MyGit/InceptionResnet/85.png,,,,,,,/home/rushirajsinh/Downloads/AdversarialAttacks/FastAI-OneShot/MyGit/InceptionResnet/85.png
/home/rushirajsinh/Downloads/AdversarialAttacks/FastAI-OneShot/MyGit/InceptionResnet/Rahul_215.png,,,,,,,/home/rushirajsinh/Downloads/AdversarialAttacks/FastAI-OneShot/MyGit/InceptionResnet/Rahul_215.png
/home/rushirajsinh/Downloads/AdversarialAttacks/FastAI-OneShot/MyGit/InceptionResnet/43.png,,,,,,,/home/rushirajsinh/Downloads/AdversarialAttacks/FastAI-OneShot/MyGit/InceptionResnet/43.png
/home/rushirajsinh/Downloads/AdversarialAttacks/FastAI-OneShot/MyGit/InceptionResnet/55.png,,,,,,,/home/rushirajsinh/Downloads/AdversarialAttacks/FastAI-OneShot/MyGit/InceptionResnet/55.png
/home/rushirajsinh/Downloads/AdversarialAttacks/FastAI-OneShot/MyGit/InceptionResnet/72.png,,,,,,,/home/rushirajsinh/Downloads/AdversarialAttacks/FastAI-OneShot/MyGit/InceptionResnet/72.png
/home/rushirajsinh/Downloads/AdversarialAttacks/FastAI-OneShot/MyGit/InceptionResnet/83.png,,,,,,,/home/rushirajsinh/Downloads/AdversarialAttacks/FastAI-OneShot/MyGit/InceptionResnet/83.png
/home/rushirajsinh/Downloads/AdversarialAttacks/FastAI-OneShot/MyGit/InceptionResnet/Rahul_235.png,,,,,,,/home/rushirajsinh/Downloads/AdversarialAttacks/FastAI-OneShot/MyGit/InceptionResnet/Rahul_235.png
/home/rushirajsinh/Downloads/AdversarialAttacks/FastAI-OneShot/MyGit/InceptionResnet/39.png,,,,,,,/home/rushirajsinh/Downloads/AdversarialAttacks/FastAI-OneShot/MyGit/InceptionResnet/39.png
/home/rushirajsinh/Downloads/AdversarialAttacks/FastAI-OneShot/MyGit/InceptionResnet/27.png,,,,,,,/home/rushirajsinh/Downloads/AdversarialAttacks/FastAI-OneShot/MyGit/InceptionResnet/27.png
/home/rushirajsinh/Downloads/AdversarialAttacks/FastAI-OneShot/MyGit/InceptionResnet/Rahul_145.png,,,,,,,/home/rushirajsinh/Downloads/AdversarialAttacks/FastAI-OneShot/MyGit/InceptionResnet/Rahul_145.png
/home/rushirajsinh/Downloads/AdversarialAttacks/FastAI-OneShot/MyGit/InceptionResnet/78.png,,,,,,,/home/rushirajsinh/Downloads/AdversarialAttacks/FastAI-OneShot/MyGit/InceptionResnet/78.png
/home/rushirajsinh/Downloads/AdversarialAttacks/FastAI-OneShot/MyGit/InceptionResnet/46.png,,,,,,,/home/rushirajsinh/Downloads/AdversarialAttacks/FastAI-OneShot/MyGit/InceptionResnet/46.png
/home/rushirajsinh/Downloads/AdversarialAttacks/FastAI-OneShot/MyGit/InceptionResnet/64.png,,,,,,,/home/rushirajsinh/Downloads/AdversarialAttacks/FastAI-OneShot/MyGit/InceptionResnet/64.png
/home/rushirajsinh/Downloads/AdversarialAttacks/FastAI-OneShot/MyGit/InceptionResnet/33.png,,,,,,,/home/rushirajsinh/Downloads/AdversarialAttacks/FastAI-OneShot/MyGit/InceptionResnet/33.png
/home/rushirajsinh/Downloads/AdversarialAttacks/FastAI-OneShot/MyGit/InceptionResnet/86.png,,,,,,,/home/rushirajsinh/Downloads/AdversarialAttacks/FastAI-OneShot/MyGit/InceptionResnet/86.png
/home/rushirajsinh/Downloads/AdversarialAttacks/FastAI-OneShot/MyGit/InceptionResnet/87.png,,,,,,,/home/rushirajsinh/Downloads/AdversarialAttacks/FastAI-OneShot/MyGit/InceptionResnet/87.png
/home/rushirajsinh/Downloads/AdversarialAttacks/FastAI-OneShot/MyGit/InceptionResnet/41.png,,,,,,,/home/rushirajsinh/Downloads/AdversarialAttacks/FastAI-OneShot/MyGit/InceptionResnet/41.png
/home/rushirajsinh/Downloads/AdversarialAttacks/FastAI-OneShot/MyGit/InceptionResnet/66.png,,,,,,,/home/rushirajsinh/Downloads/AdversarialAttacks/FastAI-OneShot/MyGit/InceptionResnet/66.png
/home/rushirajsinh/Downloads/AdversarialAttacks/FastAI-OneShot/MyGit/InceptionResnet/62.png,,,,,,,/home/rushirajsinh/Downloads/AdversarialAttacks/FastAI-OneShot/MyGit/InceptionResnet/62.png
/home/rushirajsinh/Downloads/AdversarialAttacks/FastAI-OneShot/MyGit/InceptionResnet/44.png,,,,,,,/home/rushirajsinh/Downloads/AdversarialAttacks/FastAI-OneShot/MyGit/InceptionResnet/44.png
/home/rushirajsinh/Downloads/AdversarialAttacks/FastAI-OneShot/MyGit/InceptionResnet/38.png,,,,,,,/home/rushirajsinh/Downloads/AdversarialAttacks/FastAI-OneShot/MyGit/InceptionResnet/38.png
/home/rushirajsinh/Downloads/AdversarialAttacks/FastAI-OneShot/MyGit/InceptionResnet/88.png,,,,,,,/home/rushirajsinh/Downloads/AdversarialAttacks/FastAI-OneShot/MyGit/InceptionResnet/88.png
/home/rushirajsinh/Downloads/AdversarialAttacks/FastAI-OneShot/MyGit/InceptionResnet/40.png,,,,,,,/home/rushirajsinh/Downloads/AdversarialAttacks/FastAI-OneShot/MyGit/InceptionResnet/40.png
/home/rushirajsinh/Downloads/AdversarialAttacks/FastAI-OneShot/MyGit/InceptionResnet/52.png,,,,,,,/home/rushirajsinh/Downloads/AdversarialAttacks/FastAI-OneShot/MyGit/InceptionResnet/52.png
/home/rushirajsinh/Downloads/AdversarialAttacks/FastAI-OneShot/MyGit/InceptionResnet/89.png,,,,,,,/home/rushirajsinh/Downloads/AdversarialAttacks/FastAI-OneShot/MyGit/InceptionResnet/89.png
/home/rushirajsinh/Downloads/AdversarialAttacks/FastAI-OneShot/MyGit/InceptionResnet/Rahul_140.png,,,,,,,/home/rushirajsinh/Downloads/AdversarialAttacks/FastAI-OneShot/MyGit/InceptionResnet/Rahul_140.png
/home/rushirajsinh/Downloads/AdversarialAttacks/FastAI-OneShot/MyGit/InceptionResnet/Rahul_175.png,,,,,,,/home/rushirajsinh/Downloads/AdversarialAttacks/FastAI-OneShot/MyGit/InceptionResnet/Rahul_175.png
/home/rushirajsinh/Downloads/AdversarialAttacks/FastAI-OneShot/MyGit/InceptionResnet/65.png,,,,,,,/home/rushirajsinh/Downloads/AdversarialAttacks/FastAI-OneShot/MyGit/InceptionResnet/65.png
/home/rushirajsinh/Downloads/AdversarialAttacks/FastAI-OneShot/MyGit/InceptionResnet/45.png,,,,,,,/home/rushirajsinh/Downloads/AdversarialAttacks/FastAI-OneShot/MyGit/InceptionResnet/45.png
/home/rushirajsinh/Downloads/AdversarialAttacks/FastAI-OneShot/MyGit/InceptionResnet/56.png,,,,,,,/home/rushirajsinh/Downloads/AdversarialAttacks/FastAI-OneShot/MyGit/InceptionResnet/56.png
/home/rushirajsinh/Downloads/AdversarialAttacks/FastAI-OneShot/MyGit/InceptionResnet/75.png,,,,,,,/home/rushirajsinh/Downloads/AdversarialAttacks/FastAI-OneShot/MyGit/InceptionResnet/75.png
/home/rushirajsinh/Downloads/AdversarialAttacks/FastAI-OneShot/MyGit/InceptionResnet/51.png,,,,,,,/home/rushirajsinh/Downloads/AdversarialAttacks/FastAI-OneShot/MyGit/InceptionResnet/51.png
/home/rushirajsinh/Downloads/AdversarialAttacks/FastAI-OneShot/MyGit/InceptionResnet/79.png,,,,,,,/home/rushirajsinh/Downloads/AdversarialAttacks/FastAI-OneShot/MyGit/InceptionResnet/79.png
/home/rushirajsinh/Downloads/AdversarialAttacks/FastAI-OneShot/MyGit/InceptionResnet/Rahul_195.png,,,,,,,/home/rushirajsinh/Downloads/AdversarialAttacks/FastAI-OneShot/MyGit/InceptionResnet/Rahul_195.png
/home/rushirajsinh/Downloads/AdversarialAttacks/FastAI-OneShot/MyGit/InceptionResnet/69.png,,,,,,,/home/rushirajsinh/Downloads/AdversarialAttacks/FastAI-OneShot/MyGit/InceptionResnet/69.png
/home/rushirajsinh/Downloads/AdversarialAttacks/FastAI-OneShot/MyGit/InceptionResnet/28.png,,,,,,,/home/rushirajsinh/Downloads/AdversarialAttacks/FastAI-OneShot/MyGit/InceptionResnet/28.png
/home/rushirajsinh/Downloads/AdversarialAttacks/FastAI-OneShot/MyGit/InceptionResnet/Rahul_160.png,,,,,,,/home/rushirajsinh/Downloads/AdversarialAttacks/FastAI-OneShot/MyGit/InceptionResnet/Rahul_160.png
/home/rushirajsinh/Downloads/AdversarialAttacks/FastAI-OneShot/MyGit/InceptionResnet/67.png,,,,,,,/home/rushirajsinh/Downloads/AdversarialAttacks/FastAI-OneShot/MyGit/InceptionResnet/67.png
/home/rushirajsinh/Downloads/AdversarialAttacks/FastAI-OneShot/MyGit/InceptionResnet/Rahul_165.png,,,,,,,/home/rushirajsinh/Downloads/AdversarialAttacks/FastAI-OneShot/MyGit/InceptionResnet/Rahul_165.png
/home/rushirajsinh/Downloads/AdversarialAttacks/FastAI-OneShot/MyGit/InceptionResnet/74.png,,,,,,,/home/rushirajsinh/Downloads/AdversarialAttacks/FastAI-OneShot/MyGit/InceptionResnet/74.png
/home/rushirajsinh/Downloads/AdversarialAttacks/FastAI-OneShot/MyGit/InceptionResnet/Rahul_180.png,,,,,,,/home/rushirajsinh/Downloads/AdversarialAttacks/FastAI-OneShot/MyGit/InceptionResnet/Rahul_180.png
/home/rushirajsinh/Downloads/AdversarialAttacks/FastAI-OneShot/MyGit/InceptionResnet/53.png,,,,,,,/home/rushirajsinh/Downloads/AdversarialAttacks/FastAI-OneShot/MyGit/InceptionResnet/53.png
/home/rushirajsinh/Downloads/AdversarialAttacks/FastAI-OneShot/MyGit/InceptionResnet/Rahul_185.png,,,,,,,/home/rushirajsinh/Downloads/AdversarialAttacks/FastAI-OneShot/MyGit/InceptionResnet/Rahul_185.png
/home/rushirajsinh/Downloads/AdversarialAttacks/FastAI-OneShot/MyGit/InceptionResnet/61.png,,,,,,,/home/rushirajsinh/Downloads/AdversarialAttacks/FastAI-OneShot/MyGit/InceptionResnet/61.png
/home/rushirajsinh/Downloads/AdversarialAttacks/FastAI-OneShot/MyGit/InceptionResnet/68.png,,,,,,,/home/rushirajsinh/Downloads/AdversarialAttacks/FastAI-OneShot/MyGit/InceptionResnet/68.png
/home/rushirajsinh/Downloads/AdversarialAttacks/FastAI-OneShot/MyGit/InceptionResnet/42.png,,,,,,,/home/rushirajsinh/Downloads/AdversarialAttacks/FastAI-OneShot/MyGit/InceptionResnet/42.png
/home/rushirajsinh/Downloads/AdversarialAttacks/FastAI-OneShot/MyGit/InceptionResnet/80.png,,,,,,,/home/rushirajsinh/Downloads/AdversarialAttacks/FastAI-OneShot/MyGit/InceptionResnet/80.png
/home/rushirajsinh/Downloads/AdversarialAttacks/FastAI-OneShot/MyGit/InceptionResnet/54.png,,,,,,,/home/rushirajsinh/Downloads/AdversarialAttacks/FastAI-OneShot/MyGit/InceptionResnet/54.png
/home/rushirajsinh/Downloads/AdversarialAttacks/FastAI-OneShot/MyGit/InceptionResnet/31.png,,,,,,,/home/rushirajsinh/Downloads/AdversarialAttacks/FastAI-OneShot/MyGit/InceptionResnet/31.png
/home/rushirajsinh/Downloads/AdversarialAttacks/FastAI-OneShot/MyGit/InceptionResnet/76.png,,,,,,,/home/rushirajsinh/Downloads/AdversarialAttacks/FastAI-OneShot/MyGit/InceptionResnet/76.png
/home/rushirajsinh/Downloads/AdversarialAttacks/FastAI-OneShot/MyGit/InceptionResnet/Rahul_200.png,,,,,,,/home/rushirajsinh/Downloads/AdversarialAttacks/FastAI-OneShot/MyGit/InceptionResnet/Rahul_200.png
/home/rushirajsinh/Downloads/AdversarialAttacks/FastAI-OneShot/MyGit/InceptionResnet/63.png,,,,,,,/home/rushirajsinh/Downloads/AdversarialAttacks/FastAI-OneShot/MyGit/InceptionResnet/63.png
/home/rushirajsinh/Downloads/AdversarialAttacks/FastAI-OneShot/MyGit/InceptionResnet/Rahul_190.png,,,,,,,/home/rushirajsinh/Downloads/AdversarialAttacks/FastAI-OneShot/MyGit/InceptionResnet/Rahul_190.png
/home/rushirajsinh/Downloads/AdversarialAttacks/FastAI-OneShot/MyGit/InceptionResnet/Rahul_225.png,,,,,,,/home/rushirajsinh/Downloads/AdversarialAttacks/FastAI-OneShot/MyGit/InceptionResnet/Rahul_225.png
/home/rushirajsinh/Downloads/AdversarialAttacks/FastAI-OneShot/MyGit/InceptionResnet/84.png,,,,,,,/home/rushirajsinh/Downloads/AdversarialAttacks/FastAI-OneShot/MyGit/InceptionResnet/84.png
/home/rushirajsinh/Downloads/AdversarialAttacks/FastAI-OneShot/MyGit/InceptionResnet/Rahul_170.png,,,,,,,/home/rushirajsinh/Downloads/AdversarialAttacks/FastAI-OneShot/MyGit/InceptionResnet/Rahul_170.png
